date,revenue,7_day_rev,28_day_rev,365_day_rev
2013-09-20 00:00:00+00:00,1040405,,,
2013-09-21 00:00:00+00:00,998827,,,
2013-09-22 00:00:00+00:00,950908,,,
2013-09-23 00:00:00+00:00,890947,,,
2013-09-24 00:00:00+00:00,942562,,,
2013-09-25 00:00:00+00:00,986460,,,
2013-09-26 00:00:00+00:00,1088210,985474.1429,,
2013-09-27 00:00:00+00:00,1044935,986121.2857,,
2013-09-28 00:00:00+00:00,982834,983836.5714,,
2013-09-29 00:00:00+00:00,928661,980658.4286,,
2013-09-30 00:00:00+00:00,913054,983816.5714,,
2013-10-01 00:00:00+00:00,954748,985557.4286,,
2013-10-02 00:00:00+00:00,984445,985269.5714,,
2013-10-03 00:00:00+00:00,1099328,986857.8571,,
2013-10-04 00:00:00+00:00,1062678,989392.5714,,
2013-10-05 00:00:00+00:00,974160,988153.4286,,
2013-10-06 00:00:00+00:00,945242,990522.1429,,
2013-10-07 00:00:00+00:00,888735,987048,,
2013-10-08 00:00:00+00:00,955898,987212.2857,,
2013-10-09 00:00:00+00:00,998736,989253.8571,,
2013-10-10 00:00:00+00:00,1075130,985797,,
2013-10-11 00:00:00+00:00,1037214,982159.2857,,
2013-10-12 00:00:00+00:00,987336,984041.5714,,
2013-10-13 00:00:00+00:00,946889,984276.8571,,
2013-10-14 00:00:00+00:00,895509,985244.5714,,
2013-10-15 00:00:00+00:00,916610,979632,,
2013-10-16 00:00:00+00:00,988294,978140.2857,,
2013-10-17 00:00:00+00:00,1077163,978430.7143,984139.9286,
2013-10-18 00:00:00+00:00,1020530,976047.2857,983430.1071,
2013-10-19 00:00:00+00:00,947981,970425.1429,981614.1786,
2013-10-20 00:00:00+00:00,895305,963056,979628.3571,
2013-10-21 00:00:00+00:00,867963,959120.8571,978807.5,
2013-10-22 00:00:00+00:00,891639,955553.5714,976988.8214,
2013-10-23 00:00:00+00:00,953080,950523,975796.6786,
2013-10-24 00:00:00+00:00,1039090,945084,974042.3929,
2013-10-25 00:00:00+00:00,1008584,943377.4286,972744.1429,
2013-10-26 00:00:00+00:00,966841,946071.7143,972172.9643,
2013-10-27 00:00:00+00:00,927567,950680.5714,972133.8929,
2013-10-28 00:00:00+00:00,858188,949284.1429,970174.3929,
2013-10-29 00:00:00+00:00,928075,954489.2857,969221.7857,
2013-10-30 00:00:00+00:00,965217,956223.1429,968535.0714,
2013-10-31 00:00:00+00:00,1040769,956463,966443.6786,
2013-11-01 00:00:00+00:00,992562,954174.1429,963939.5357,
2013-11-02 00:00:00+00:00,958728,953015.1429,963388.3929,
2013-11-03 00:00:00+00:00,912260,950828.4286,962210.4643,
2013-11-04 00:00:00+00:00,847085,949242.2857,960722.9643,
2013-11-05 00:00:00+00:00,916727,947621.1429,959324,
2013-11-06 00:00:00+00:00,956418,946364.1429,957812.6429,
2013-11-07 00:00:00+00:00,1079232,951858.8571,957959.1429,
2013-11-08 00:00:00+00:00,1027229,956811.2857,957602.5357,
2013-11-09 00:00:00+00:00,956847,956542.5714,956513.6429,
2013-11-10 00:00:00+00:00,918120,957379.7143,955486.1786,
2013-11-11 00:00:00+00:00,841879,956636,953570.8214,
2013-11-12 00:00:00+00:00,891771,953070.8571,952683.7143,
2013-11-13 00:00:00+00:00,950766,952263.4286,951343.4286,
2013-11-14 00:00:00+00:00,1027359,944853,949564.7143,
2013-11-15 00:00:00+00:00,987074,939116.5714,948369.8571,
2013-11-16 00:00:00+00:00,938988,936565.2857,948048.6786,
2013-11-17 00:00:00+00:00,877525,930766,947413.6786,
2013-11-18 00:00:00+00:00,847442,931560.7143,946680.7857,
2013-11-19 00:00:00+00:00,879500,929807.7143,946247.25,
2013-11-20 00:00:00+00:00,933854,927391.7143,945560.6071,
2013-11-21 00:00:00+00:00,1013148,925361.5714,944634.1071,
2013-11-22 00:00:00+00:00,978268,924103.5714,943551.3929,
2013-11-23 00:00:00+00:00,934867,923514.8571,942409.4643,
2013-11-24 00:00:00+00:00,868593,922238.8571,940303.25,
2013-11-25 00:00:00+00:00,838234,920923.4286,939590.6071,
2013-11-26 00:00:00+00:00,887599,922080.4286,938145.0357,
2013-11-27 00:00:00+00:00,929763,921496,936878.8214,
2013-11-28 00:00:00+00:00,1033460,924397.7143,936617.7857,
2013-11-29 00:00:00+00:00,975129,923949.2857,935995.1786,
2013-11-30 00:00:00+00:00,967574,928621.7143,936311.1071,
2013-12-01 00:00:00+00:00,896716,932639.2857,935755.9643,
2013-12-02 00:00:00+00:00,838568,932687,935451.7857,
2013-12-03 00:00:00+00:00,897039,934035.5714,934748.6429,
2013-12-04 00:00:00+00:00,934543,934718.4286,933967.3929,
2013-12-05 00:00:00+00:00,1029659,934175.4286,932196.9286,
2013-12-06 00:00:00+00:00,975161,934180,930337.3571,
2013-12-07 00:00:00+00:00,925306,928141.7143,929210.8929,
2013-12-08 00:00:00+00:00,881635,925987.2857,927907.8571,
2013-12-09 00:00:00+00:00,841938,926468.7143,927909.9643,
2013-12-10 00:00:00+00:00,879196,923919.7143,927460.8571,
2013-12-11 00:00:00+00:00,933655,923792.8571,926849.75,
2013-12-12 00:00:00+00:00,1057504,927770.7143,927926.3571,
2013-12-13 00:00:00+00:00,988682,929702.2857,927983.7857,
2013-12-14 00:00:00+00:00,938922,931647.4286,927981.4286,
2013-12-15 00:00:00+00:00,909031,935561.1429,929106.6429,
2013-12-16 00:00:00+00:00,880120,941015.7143,930273.7143,
2013-12-17 00:00:00+00:00,912872,945826.5714,931465.5714,
2013-12-18 00:00:00+00:00,957930,949294.4286,932325.4286,
2013-12-19 00:00:00+00:00,1034415,945996,933084.9643,
2013-12-20 00:00:00+00:00,989396,946098,933482.3929,
2013-12-21 00:00:00+00:00,938674,946062.5714,933618.3571,
2013-12-22 00:00:00+00:00,894383,943970,934539.4286,
2013-12-23 00:00:00+00:00,861724,941342,935378.3571,
2013-12-24 00:00:00+00:00,907925,940635.2857,936104.2857,
2013-12-25 00:00:00+00:00,953170,939955.2857,936940.25,
2013-12-26 00:00:00+00:00,1053739,942715.8571,937664.5,
2013-12-27 00:00:00+00:00,1015165,946397.1429,939094.3571,
2013-12-28 00:00:00+00:00,975788,951699.1429,939387.7143,
2013-12-29 00:00:00+00:00,892573,951440.5714,939239.75,
2013-12-30 00:00:00+00:00,852463,950117.5714,939736,
2013-12-31 00:00:00+00:00,894567,948209.2857,939647.7143,
2014-01-01 00:00:00+00:00,938696,946141.5714,939796.0357,
2014-01-02 00:00:00+00:00,1030251,942786.1429,939817.1786,
2014-01-03 00:00:00+00:00,1006801,941591.2857,940947.1786,
2014-01-04 00:00:00+00:00,947097,937492.5714,941725.4286,
2014-01-05 00:00:00+00:00,887766,936805.8571,941944.3929,
2014-01-06 00:00:00+00:00,883881,941294.1429,943442.3571,
2014-01-07 00:00:00+00:00,914875,944195.2857,944716.6071,
2014-01-08 00:00:00+00:00,959505,947168,945639.8214,
2014-01-09 00:00:00+00:00,1079904,954261.2857,946439.8214,
2014-01-10 00:00:00+00:00,1056671,961385.5714,948868,
2014-01-11 00:00:00+00:00,1003851,969493.2857,951186.8929,
2014-01-12 00:00:00+00:00,912206,972984.7143,951300.2857,
2014-01-13 00:00:00+00:00,884105,973016.7143,951442.6071,
2014-01-14 00:00:00+00:00,923784,974289.4286,951832.3214,
2014-01-15 00:00:00+00:00,1000919,980205.7143,953367.6429,
2014-01-16 00:00:00+00:00,1073624,979308.5714,954767.9643,
2014-01-17 00:00:00+00:00,1023552,974577.2857,955987.8214,
2014-01-18 00:00:00+00:00,1004770,974708.5714,958348.3929,
2014-01-19 00:00:00+00:00,926885,976805.5714,959509.1786,
2014-01-20 00:00:00+00:00,897513,978721,960787.3571,
2014-01-21 00:00:00+00:00,950070,982476.1429,962292.5357,
2014-01-22 00:00:00+00:00,999405,982259.8571,963943.7857,
2014-01-23 00:00:00+00:00,1072316,982073,964607.25,
2014-01-24 00:00:00+00:00,1031050,983144.1429,965174.5714,
2014-01-25 00:00:00+00:00,979094,979476.1429,965292.6429,
2014-01-26 00:00:00+00:00,936934,980911.7143,966876.9643,
2014-01-27 00:00:00+00:00,885410,979182.7143,968053.6429,
2014-01-28 00:00:00+00:00,931987,976599.4286,969390.0714,
2014-01-29 00:00:00+00:00,994856,975949.5714,971395.7857,
2014-01-30 00:00:00+00:00,1097360,979527.2857,973792.5357,
2014-01-31 00:00:00+00:00,1046228,981695.5714,975200.6429,
2014-02-01 00:00:00+00:00,965511,979755.1429,975858.2857,
2014-02-02 00:00:00+00:00,947651,981286.1429,977997.0357,
2014-02-03 00:00:00+00:00,899166,983251.2857,978542.9286,
2014-02-04 00:00:00+00:00,947199,985424.4286,979697.3571,
2014-02-05 00:00:00+00:00,979516,983233,980412.0357,
2014-02-06 00:00:00+00:00,1065496,978681,979897.4643,
2014-02-07 00:00:00+00:00,999462,972000.1429,977854.2857,
2014-02-08 00:00:00+00:00,963561,971721.5714,976415.3571,
2014-02-09 00:00:00+00:00,911992,966627.4286,976407.7143,
2014-02-10 00:00:00+00:00,862580,961400.8571,975638.9643,
2014-02-11 00:00:00+00:00,904866,955353.2857,974963.3214,
2014-02-12 00:00:00+00:00,958145,952300.2857,973435.6786,
2014-02-13 00:00:00+00:00,1075719,953760.7143,973510.5,
2014-02-14 00:00:00+00:00,999099,953708.8571,972637.1786,
2014-02-15 00:00:00+00:00,941158,950508.4286,970365.3214,
2014-02-16 00:00:00+00:00,901040,948943.8571,969442.2857,
2014-02-17 00:00:00+00:00,849088,947016.4286,967712.8214,
2014-02-18 00:00:00+00:00,934073,951188.8571,967141.5,
2014-02-19 00:00:00+00:00,948969,949878,965340.2143,
2014-02-20 00:00:00+00:00,1063581,948144,965028.25,
2014-02-21 00:00:00+00:00,1031844,952821.8571,965056.6071,
2014-02-22 00:00:00+00:00,963942,956076.7143,964515.4643,
2014-02-23 00:00:00+00:00,906912,956915.5714,963443.25,
2014-02-24 00:00:00+00:00,854105,957632.2857,962325.2143,
2014-02-25 00:00:00+00:00,895330,952097.5714,961016.0357,
2014-02-26 00:00:00+00:00,935703,950202.4286,958903.4286,
2014-02-27 00:00:00+00:00,1059944,949682.8571,957567.1429,
2014-02-28 00:00:00+00:00,992699,944090.7143,955655.3929,
2014-03-01 00:00:00+00:00,938677,940481.4286,954697.0357,
2014-03-02 00:00:00+00:00,911637,941156.4286,953410.8214,
2014-03-03 00:00:00+00:00,863724,942530.5714,952145.0357,
2014-03-04 00:00:00+00:00,912245,944947,950896.6786,
2014-03-05 00:00:00+00:00,956312,947891.1429,950067.9643,
2014-03-06 00:00:00+00:00,1073053,949763.8571,950337.8571,
2014-03-07 00:00:00+00:00,1049045,957813.2857,952108.6786,
2014-03-08 00:00:00+00:00,986768,964683.4286,952937.5,
2014-03-09 00:00:00+00:00,925946,966727.5714,953435.8571,
2014-03-10 00:00:00+00:00,865290,966951.2857,953532.6429,
2014-03-11 00:00:00+00:00,920964,968196.8571,954107.5714,
2014-03-12 00:00:00+00:00,985699,972395,955091.6429,
2014-03-13 00:00:00+00:00,1091741,975064.7143,955663.8571,
2014-03-14 00:00:00+00:00,1042246,974093.4286,957204.8214,
2014-03-15 00:00:00+00:00,1005218,976729.1429,959492.6786,
2014-03-16 00:00:00+00:00,939833,978713,960878.1429,
2014-03-17 00:00:00+00:00,880423,980874.8571,961997.25,
2014-03-18 00:00:00+00:00,922657,981116.7143,961589.5357,
2014-03-19 00:00:00+00:00,1000207,983189.2857,963419.4643,
2014-03-20 00:00:00+00:00,1068870,979922,963608.3571,
2014-03-21 00:00:00+00:00,1045510,980388.2857,964096.4286,
2014-03-22 00:00:00+00:00,1004881,980340.1429,965558.5357,
2014-03-23 00:00:00+00:00,932900,979349.7143,966486.6786,
2014-03-24 00:00:00+00:00,903163,982598.2857,968238.75,
2014-03-25 00:00:00+00:00,940402,985133.2857,969848.4643,
2014-03-26 00:00:00+00:00,987283,983287,971690.6071,
2014-03-27 00:00:00+00:00,1111434,989367.5714,973529.5357,
2014-03-28 00:00:00+00:00,1016252,985187.8571,974370.7143,
2014-03-29 00:00:00+00:00,1009503,985848.1429,976900.2143,
2014-03-30 00:00:00+00:00,937782,986545.5714,977833.9643,
2014-03-31 00:00:00+00:00,888684,984477.1429,978725.3929,
2014-04-01 00:00:00+00:00,947024,985423.1429,979967.5,
2014-04-02 00:00:00+00:00,1004622,987900.1429,981692.8571,
2014-04-03 00:00:00+00:00,1100672,986362.7143,982679.25,
2014-04-04 00:00:00+00:00,1073961,994606.8571,983569.1071,
2014-04-05 00:00:00+00:00,1032030,997825,985185.6071,
2014-04-06 00:00:00+00:00,975810,1003257.571,986966.4643,
2014-04-07 00:00:00+00:00,921862,1007997.286,988986.8929,
2014-04-08 00:00:00+00:00,958574,1009647.286,990330.1071,
2014-04-09 00:00:00+00:00,1027915,1012974.857,991837.8214,
2014-04-10 00:00:00+00:00,1148111,1019751.857,993851.0357,
2014-04-11 00:00:00+00:00,1061002,1017900.571,994520.8929,
2014-04-12 00:00:00+00:00,1012902,1015168,994795.3214,
2014-04-13 00:00:00+00:00,974831,1015028.143,996045.25,
2014-04-14 00:00:00+00:00,921722,1015008.143,997520.2143,
2014-04-15 00:00:00+00:00,982617,1018442.857,999661.6429,
2014-04-16 00:00:00+00:00,1006482,1015381,999885.75,
2014-04-17 00:00:00+00:00,1106197,1009393.286,1001218.857,
2014-04-18 00:00:00+00:00,1080799,1012221.429,1002479.179,
2014-04-19 00:00:00+00:00,1005927,1011225,1002516.536,
2014-04-20 00:00:00+00:00,997234,1014425.429,1004814.179,
2014-04-21 00:00:00+00:00,919975,1014175.857,1005414.607,
2014-04-22 00:00:00+00:00,962817,1011347.286,1006215.143,
2014-04-23 00:00:00+00:00,1011678,1012089.571,1007086.393,
2014-04-24 00:00:00+00:00,1108425,1012407.857,1006978.929,
2014-04-25 00:00:00+00:00,1076570,1011803.714,1009133.143,
2014-04-26 00:00:00+00:00,1015299,1013142.571,1009340.143,
2014-04-27 00:00:00+00:00,956792,1007365.143,1010019.071,
2014-04-28 00:00:00+00:00,937199,1009825.714,1011751.75,
2014-04-29 00:00:00+00:00,967356,1010474.143,1012477.893,
2014-04-30 00:00:00+00:00,994071,1007958.857,1012101.071,
2014-05-01 00:00:00+00:00,1158628,1015130.714,1014170.929,
2014-05-02 00:00:00+00:00,1098131,1018210.857,1015034.143,
2014-05-03 00:00:00+00:00,1049139,1023045.143,1015645.179,
2014-05-04 00:00:00+00:00,974978,1025643.143,1015615.464,
2014-05-05 00:00:00+00:00,937338,1025663,1016168.179,
2014-05-06 00:00:00+00:00,1012042,1032046.714,1018077.75,
2014-05-07 00:00:00+00:00,1061607,1041694.714,1019281.036,
2014-05-08 00:00:00+00:00,1165957,1042741.714,1019918.393,
2014-05-09 00:00:00+00:00,1093795,1042122.286,1021089.571,
2014-05-10 00:00:00+00:00,1029946,1039380.429,1021698.286,
2014-05-11 00:00:00+00:00,1004870,1043650.714,1022771.107,
2014-05-12 00:00:00+00:00,959226,1046777.571,1024110.536,
2014-05-13 00:00:00+00:00,1006302,1045957.571,1024956.429,
2014-05-14 00:00:00+00:00,1055210,1045043.714,1026696.714,
2014-05-15 00:00:00+00:00,1151500,1042978.429,1028314.679,
2014-05-16 00:00:00+00:00,1131008,1048294.571,1030107.857,
2014-05-17 00:00:00+00:00,1060555,1052667.286,1032058.857,
2014-05-18 00:00:00+00:00,1004718,1052645.571,1032326.143,
2014-05-19 00:00:00+00:00,944657,1050564.286,1033207.643,
2014-05-20 00:00:00+00:00,997729,1049339.571,1034454.5,
2014-05-21 00:00:00+00:00,1039380,1047078.143,1035443.857,
2014-05-22 00:00:00+00:00,1130421,1044066.857,1036229.429,
2014-05-23 00:00:00+00:00,1078899,1036622.714,1036312.607,
2014-05-24 00:00:00+00:00,1067512,1037616.571,1038177.357,
2014-05-25 00:00:00+00:00,989689,1035469.571,1039352.25,
2014-05-26 00:00:00+00:00,940473,1034871.857,1039469.179,
2014-05-27 00:00:00+00:00,988941,1033616.429,1040240.071,
2014-05-28 00:00:00+00:00,1048297,1034890.286,1042176.714,
2014-05-29 00:00:00+00:00,1178222,1041719,1042876.5,
2014-05-30 00:00:00+00:00,1099887,1044717.286,1042939.214,
2014-05-31 00:00:00+00:00,1050705,1042316.286,1042995.143,
2014-06-01 00:00:00+00:00,1024050,1047225,1044747.714,
2014-06-02 00:00:00+00:00,966010,1050873.143,1045771.714,
2014-06-03 00:00:00+00:00,1014519,1054527.143,1045860.179,
2014-06-04 00:00:00+00:00,1097541,1061562,1047143.536,
2014-06-05 00:00:00+00:00,1173803,1060930.714,1047423.75,
2014-06-06 00:00:00+00:00,1141225,1066836.143,1049117.679,
2014-06-07 00:00:00+00:00,1070093,1069605.857,1050551.5,
2014-06-08 00:00:00+00:00,1008993,1067454.857,1050698.75,
2014-06-09 00:00:00+00:00,958130,1066329.143,1050659.607,
2014-06-10 00:00:00+00:00,1016683,1066638.286,1051030.357,
2014-06-11 00:00:00+00:00,1068883,1062544.286,1051518.679,
2014-06-12 00:00:00+00:00,1186628,1064376.429,1052773.25,
2014-06-13 00:00:00+00:00,1116710,1060874.286,1052262.607,
2014-06-14 00:00:00+00:00,1065320,1060192.429,1052432.786,
2014-06-15 00:00:00+00:00,1037395,1064249.857,1053599.821,
2014-06-16 00:00:00+00:00,962166,1064826.429,1054225.143,
2014-06-17 00:00:00+00:00,1027906,1066429.714,1055302.893,
2014-06-18 00:00:00+00:00,1086030,1068879.286,1056968.964,
2014-06-19 00:00:00+00:00,1179234,1067823,1058712.286,
2014-06-20 00:00:00+00:00,1165132,1074740.429,1061792.036,
2014-06-21 00:00:00+00:00,1088087,1077992.857,1062526.857,
2014-06-22 00:00:00+00:00,1043374,1078847,1064444.179,
2014-06-23 00:00:00+00:00,961214,1078711,1065184.929,
2014-06-24 00:00:00+00:00,1038104,1080167.857,1066940.75,
2014-06-25 00:00:00+00:00,1052132,1075325.286,1067077.714,
2014-06-26 00:00:00+00:00,1193745,1077398.286,1067632.107,
2014-06-27 00:00:00+00:00,1105013,1068809.857,1067815.179,
2014-06-28 00:00:00+00:00,1071095,1066382.429,1068543.393,
2014-06-29 00:00:00+00:00,1017093,1062628,1068294.929,
2014-06-30 00:00:00+00:00,983471,1065807.571,1068918.536,
2014-07-01 00:00:00+00:00,1002548,1060728.143,1068491,
2014-07-02 00:00:00+00:00,1058634,1061657,1067101.464,
2014-07-03 00:00:00+00:00,1193033,1061555.286,1067788.25,
2014-07-04 00:00:00+00:00,1155869,1068820.429,1068311.25,
2014-07-05 00:00:00+00:00,1082599,1070463.857,1068757.893,
2014-07-06 00:00:00+00:00,1032959,1072730.429,1069613.821,
2014-07-07 00:00:00+00:00,970682,1070903.429,1070062.107,
2014-07-08 00:00:00+00:00,1028131,1074558.143,1070470.964,
2014-07-09 00:00:00+00:00,1070778,1076293,1070538.643,
2014-07-10 00:00:00+00:00,1185229,1075178.143,1070488.679,
2014-07-11 00:00:00+00:00,1136109,1072355.286,1071181.5,
2014-07-12 00:00:00+00:00,1095197,1074155,1072248.536,
2014-07-13 00:00:00+00:00,1027035,1073308.714,1071878.536,
2014-07-14 00:00:00+00:00,951119,1070514,1071484,
2014-07-15 00:00:00+00:00,1043121,1072655.429,1072027.393,
2014-07-16 00:00:00+00:00,1099960,1076824.286,1072524.893,
2014-07-17 00:00:00+00:00,1174384,1075275,1072351.679,
2014-07-18 00:00:00+00:00,1144097,1076416.143,1071600.429,
2014-07-19 00:00:00+00:00,1091674,1075912.857,1071728.536,
2014-07-20 00:00:00+00:00,1020819,1075024.857,1070923,
2014-07-21 00:00:00+00:00,955379,1075633.429,1070714.607,
2014-07-22 00:00:00+00:00,1021631,1072563.429,1070126.286,
2014-07-23 00:00:00+00:00,1092949,1071561.857,1071584.036,
2014-07-24 00:00:00+00:00,1182001,1072650,1071164.607,
2014-07-25 00:00:00+00:00,1140948,1072200.143,1072448,
2014-07-26 00:00:00+00:00,1088291,1071716.857,1073062.143,
2014-07-27 00:00:00+00:00,1033124,1073474.714,1073634.679,
2014-07-28 00:00:00+00:00,974584,1076218.286,1073317.286,
2014-07-29 00:00:00+00:00,1033790,1077955.286,1074433.071,
2014-07-30 00:00:00+00:00,1086261,1076999.857,1075419.75,
2014-07-31 00:00:00+00:00,1205819,1080402.429,1075876.393,
2014-08-01 00:00:00+00:00,1144230,1080871.286,1075460.714,
2014-08-02 00:00:00+00:00,1084037,1080263.571,1075512.071,
2014-08-03 00:00:00+00:00,1026620,1079334.429,1075285.679,
2014-08-04 00:00:00+00:00,995778,1082362.143,1076181.964,
2014-08-05 00:00:00+00:00,1014114,1079551.286,1075681.357,
2014-08-06 00:00:00+00:00,1094656,1080750.571,1076534.143,
2014-08-07 00:00:00+00:00,1188899,1078333.429,1076665.214,
2014-08-08 00:00:00+00:00,1146078,1078597.429,1077021.25,
2014-08-09 00:00:00+00:00,1056532,1074668.143,1075640.357,
2014-08-10 00:00:00+00:00,1040120,1076596.714,1076107.679,
2014-08-11 00:00:00+00:00,976586,1073855,1077017.214,
2014-08-12 00:00:00+00:00,1036444,1077045,1076778.75,
2014-08-13 00:00:00+00:00,1078199,1074694,1076001.571,
2014-08-14 00:00:00+00:00,1191209,1075024,1076602.464,
2014-08-15 00:00:00+00:00,1151461,1075793,1076865.464,
2014-08-16 00:00:00+00:00,1071876,1077985,1076158.393,
2014-08-17 00:00:00+00:00,1023699,1075639.143,1076261.25,
2014-08-18 00:00:00+00:00,946654,1071363.143,1075949.643,
2014-08-19 00:00:00+00:00,1036516,1071373.429,1076481.25,
2014-08-20 00:00:00+00:00,1071971,1070483.714,1075732.036,
2014-08-21 00:00:00+00:00,1072585,1053537.429,1071824.321,
2014-08-22 00:00:00+00:00,1050317,1039088.286,1068587.5,
2014-08-23 00:00:00+00:00,973483,1025032.143,1064487.214,
2014-08-24 00:00:00+00:00,959354,1015840,1061852.571,
2014-08-25 00:00:00+00:00,862855,1003868.714,1057862.25,
2014-08-26 00:00:00+00:00,951936,991785.8571,1054938.893,
2014-08-27 00:00:00+00:00,984292,979260.2857,1051297.143,
2014-08-28 00:00:00+00:00,1063271,977929.7143,1046206.143,
2014-08-29 00:00:00+00:00,1054570,978537.2857,1043004,
2014-08-30 00:00:00+00:00,1017482,984822.8571,1040627.036,
2014-08-31 00:00:00+00:00,949665,983438.7143,1037878.643,
2014-09-01 00:00:00+00:00,864165,983625.8571,1033178.179,
2014-09-02 00:00:00+00:00,930557,980571.7143,1030194,
2014-09-03 00:00:00+00:00,987146,980979.4286,1026354.357,
2014-09-04 00:00:00+00:00,1077570,983022.1429,1022378.321,
2014-09-05 00:00:00+00:00,1045791,981768,1018796.643,
2014-09-06 00:00:00+00:00,986488,977340.2857,1016295.071,
2014-09-07 00:00:00+00:00,924668,973769.2857,1012171.786,
2014-09-08 00:00:00+00:00,879445,975952.1429,1008702.464,
2014-09-09 00:00:00+00:00,946610,978245.4286,1005494.107,
2014-09-10 00:00:00+00:00,1003374,980563.7143,1002821.786,
2014-09-11 00:00:00+00:00,1106348,984674.8571,999791.0357,
2014-09-12 00:00:00+00:00,1037634,983509.5714,995725.7857,
2014-09-13 00:00:00+00:00,991177,984179.4286,992843.6786,
2014-09-14 00:00:00+00:00,936487,985867.8571,989728.9643,
2014-09-15 00:00:00+00:00,906146,989682.2857,988282.25,
2014-09-16 00:00:00+00:00,938085,988464.4286,984766.8571,
2014-09-17 00:00:00+00:00,986401,986039.7143,981710.7857,
2014-09-18 00:00:00+00:00,1054525,978636.4286,981065.7857,
2014-09-19 00:00:00+00:00,988741,971651.7143,978866.6429,997646.2767
2014-09-20 00:00:00+00:00,953579,966280.5714,978155.7857,997408.3973
2014-09-21 00:00:00+00:00,905478,961850.7143,976231.6429,997152.6466
2014-09-22 00:00:00+00:00,851640,954064.1429,975831.1071,996880.6795
2014-09-23 00:00:00+00:00,919801,951452.1429,974683.4286,996959.7315
2014-09-24 00:00:00+00:00,974699,949780.4286,974340.8214,997047.7781
2014-09-25 00:00:00+00:00,1063760,951099.7143,974358.2857,997259.5589
2014-09-26 00:00:00+00:00,1025808,956395,973331.0714,997088.5945
2014-09-27 00:00:00+00:00,963779,957852.1429,971413.1071,996866.2493
2014-09-28 00:00:00+00:00,921177,960094.8571,970395.6786,996697.326
2014-09-29 00:00:00+00:00,858170,961027.7143,970181.5714,996504.2
2014-09-30 00:00:00+00:00,895504,957556.7143,968929.6786,996456.1178
2014-10-01 00:00:00+00:00,946550,953535.4286,967479.8214,996433.6575
2014-10-02 00:00:00+00:00,1055538,952360.8571,966692.9643,996628.4329
2014-10-03 00:00:00+00:00,986099,946688.1429,964561.1071,996318.2164
2014-10-04 00:00:00+00:00,982008,949292.2857,964401.1071,996097.2027
2014-10-05 00:00:00+00:00,905153,947003.1429,963704.1429,995908.1425
2014-10-06 00:00:00+00:00,878275,949875.2857,963662.3571,995724.6712
2014-10-07 00:00:00+00:00,899689,950473.1429,961986.6071,995754.6822
2014-10-08 00:00:00+00:00,983111,955696.1429,961262.9286,995829.2384
2014-10-09 00:00:00+00:00,1046006,954334.4286,959107.8571,995958.7452
2014-10-10 00:00:00+00:00,1003004,956749.4286,957871.0714,995761.1397
2014-10-11 00:00:00+00:00,960432,953667.1429,956773.0357,995550.7781
2014-10-12 00:00:00+00:00,919719,955748,956174.1786,995365.526
2014-10-13 00:00:00+00:00,849227,951598.2857,954141.3571,995097.9589
2014-10-14 00:00:00+00:00,932179,956239.7143,953930.4286,995198.4247
2014-10-15 00:00:00+00:00,927839,948343.7143,951838.9286,995229.189
2014-10-16 00:00:00+00:00,1072243,952091.8571,952471.7143,995459.1863
2014-10-17 00:00:00+00:00,966382,946860.1429,951673.1786,995155.6767
2014-10-18 00:00:00+00:00,906158,939106.7143,949979.5714,994842.3288
2014-10-19 00:00:00+00:00,894390,935488.2857,949583.5714,994695.5041
2014-10-20 00:00:00+00:00,859309,936928.5714,949857.4643,994596.8849
2014-10-21 00:00:00+00:00,898996,932188.1429,949114.4286,994681.9068
2014-10-22 00:00:00+00:00,932843,932903,947619.5714,994794.7945
2014-10-23 00:00:00+00:00,1019822,925414.2857,946050.3571,994977.6493
2014-10-24 00:00:00+00:00,985918,928205.1429,944625.7143,994831.9726
2014-10-25 00:00:00+00:00,937645,932703.2857,943692.3571,994637.6192
2014-10-26 00:00:00+00:00,880173,930672.2857,942227.9286,994400.1726
2014-10-27 00:00:00+00:00,840636,928004.7143,941601.7143,994162.0055
2014-10-28 00:00:00+00:00,887329,926338,941309.75,994241.8438
2014-10-29 00:00:00+00:00,922856,924911.2857,940463.5357,994227.5452
2014-10-30 00:00:00+00:00,1014856,924201.8571,939010.6071,994363.5425
2014-10-31 00:00:00+00:00,990515,924858.5714,939168.3214,994225.8603
2014-11-01 00:00:00+00:00,930479,923834.8571,937328,994055.7699
2014-11-02 00:00:00+00:00,889424,925156.4286,936766.25,993865.8959
2014-11-03 00:00:00+00:00,829105,923509.1429,935010.1786,993638.074
2014-11-04 00:00:00+00:00,884107,923048.8571,934453.6786,993739.5041
2014-11-05 00:00:00+00:00,933845,924618.7143,932694.1786,993786.4027
2014-11-06 00:00:00+00:00,1008503,923711.1429,931354.7857,993929.1014
2014-11-07 00:00:00+00:00,974434,921413.8571,930334.4286,993641.9836
2014-11-08 00:00:00+00:00,932712,921732.8571,929344.4286,993383.0329
2014-11-09 00:00:00+00:00,894459,922452.1429,928442.2857,993212.1068
2014-11-10 00:00:00+00:00,832388,922921.1429,927840.8929,992977.2247
2014-11-11 00:00:00+00:00,916750,927584.4286,927289.8571,993182.3507
2014-11-12 00:00:00+00:00,932894,927448.5714,927470.3929,993295.0164
2014-11-13 00:00:00+00:00,1051167,933543.4286,926717.6786,993570.0877
2014-11-14 00:00:00+00:00,1003600,937710,928046.8929,993504.9945
2014-11-15 00:00:00+00:00,971647,943272.1429,930385.7857,993462.7288
2014-11-16 00:00:00+00:00,899176,943946,930556.7143,993353.6548
2014-11-17 00:00:00+00:00,856791,947432.1429,930466.7857,993296.8493
2014-11-18 00:00:00+00:00,904810,945726.4286,930674.4286,993454.0219
2014-11-19 00:00:00+00:00,962396,949941,931729.8929,993681.1342
2014-11-20 00:00:00+00:00,1089801,955460.1429,934229.1429,994108.3863
2014-11-21 00:00:00+00:00,1031449,959438.5714,935855.25,994158.526
2014-11-22 00:00:00+00:00,956668,957298.7143,936534.6429,994099.3479
2014-11-23 00:00:00+00:00,885716,955375.8571,936732.6071,993964.6877
2014-11-24 00:00:00+00:00,853845,954955,937204.3571,993924.2822
2014-11-25 00:00:00+00:00,908671,955506.5714,937966.5714,994117.2603
2014-11-26 00:00:00+00:00,946452,953228.8571,938809.2857,994278.5014
2014-11-27 00:00:00+00:00,1067004,949972.1429,940671.7143,994654.5041
2014-11-28 00:00:00+00:00,985943,943471.2857,940508.4286,994524.3205
2014-11-29 00:00:00+00:00,968908,945219.8571,941880.8929,994507.2767
2014-11-30 00:00:00+00:00,899043,947123.7143,942224.4286,994319.5205
2014-12-01 00:00:00+00:00,844977,945856.8571,942791.2857,994177.7699
2014-12-02 00:00:00+00:00,892531,943551.1429,943092.1429,994325.6137
2014-12-03 00:00:00+00:00,966419,946403.5714,944255.5,994515.6959
2014-12-04 00:00:00+00:00,1047646,943638.1429,945653.4643,994825.5671
2014-12-05 00:00:00+00:00,1008844,946909.7143,946882.3929,994768.5397
2014-12-06 00:00:00+00:00,971103,947223.2857,948253.5,994757.4219
2014-12-07 00:00:00+00:00,900975,947499.2857,948486.2143,994690.7616
2014-12-08 00:00:00+00:00,853825,948763.2857,949251.8214,994614.5699
2014-12-09 00:00:00+00:00,894338,949021.4286,948451.3929,994758.1315
2014-12-10 00:00:00+00:00,927659,943484.2857,948264.4286,994890.9068
2014-12-11 00:00:00+00:00,1097154,950556.8571,949906.8214,995338.8493
2014-12-12 00:00:00+00:00,1021861,952416.4286,950559,995241.1973
2014-12-13 00:00:00+00:00,996157,955995.5714,951434.3571,995261.6767
2014-12-14 00:00:00+00:00,937424,961202.5714,952800.3571,995257.5726
2014-12-15 00:00:00+00:00,876306,964414.1429,953497.3214,995167.9151
2014-12-16 00:00:00+00:00,946597,971879.7143,954989.7143,995350.0438
2014-12-17 00:00:00+00:00,993354,981264.7143,956095.3571,995570.5425
2014-12-18 00:00:00+00:00,1064008,976529.5714,955174.1786,995861.1671
2014-12-19 00:00:00+00:00,1061121,982138.1429,956233.8929,995934.3342
2014-12-20 00:00:00+00:00,972812,978803.1429,956810.4643,995888.8986
2014-12-21 00:00:00+00:00,946603,980114.4286,958985,995910.6219
2014-12-22 00:00:00+00:00,896833,983046.8571,960520.2857,995917.3342
2014-12-23 00:00:00+00:00,932054,980969.2857,961355.3929,996110.0192
2014-12-24 00:00:00+00:00,979007,978919.7143,962518.0714,996304.7644
2014-12-25 00:00:00+00:00,1089082,982501.7143,963306.5714,996677.126
2014-12-26 00:00:00+00:00,1049202,980799,965565.8214,996664.6959
2014-12-27 00:00:00+00:00,991442,983460.4286,966370.6071,996599.7014
2014-12-28 00:00:00+00:00,967312,986418.8571,968808.7857,996576.4795
2014-12-29 00:00:00+00:00,867312,982201.5714,969606.4643,996507.2712
2014-12-30 00:00:00+00:00,943554,983844.4286,971428.7143,996756.8356
2014-12-31 00:00:00+00:00,1009742,988235.1429,972975.9643,997072.3836
2015-01-01 00:00:00+00:00,1104552,990445.1429,975008.3214,997526.7836
2015-01-02 00:00:00+00:00,1028939,987550.4286,975726,997523.189
2015-01-03 00:00:00+00:00,992868,987754.1429,976503.3214,997485.0164
2015-01-04 00:00:00+00:00,954432,985914.1429,978412.5,997505.1123
2015-01-05 00:00:00+00:00,890077,989166.2857,979707.2143,997511.4438
2015-01-06 00:00:00+00:00,936183,988113.2857,981201.6786,997654.737
2015-01-07 00:00:00+00:00,1017645,989242.2857,984415.4643,997936.2986
2015-01-08 00:00:00+00:00,1063699,983406.1429,983220.6429,998221.7616
2015-01-09 00:00:00+00:00,973278,975454.5714,981485.5357,997929.6356
2015-01-10 00:00:00+00:00,981009,973760.4286,980944.5357,997722.3425
2015-01-11 00:00:00+00:00,914660,968078.7143,980131.5357,997477.9836
2015-01-12 00:00:00+00:00,875697,966024.4286,980109.7857,997377.9589
2015-01-13 00:00:00+00:00,911117,962443.5714,978842.6429,997451.9644
2015-01-14 00:00:00+00:00,948476,952562.2857,977239.8571,997519.6137
2015-01-15 00:00:00+00:00,1057737,951710.5714,977015.8929,997675.2795
2015-01-16 00:00:00+00:00,1015189,957697.8571,975375.4643,997515.1836
2015-01-17 00:00:00+00:00,965749,955517.8571,975123.2143,997356.8192
2015-01-18 00:00:00+00:00,915271,955605.1429,974004.2143,997111.6164
2015-01-19 00:00:00+00:00,860321,953408.5714,972700.2143,996929.2493
2015-01-20 00:00:00+00:00,914993,953962.2857,972090.8929,996977.1397
2015-01-21 00:00:00+00:00,968170,956775.7143,971703.8571,997026.7288
2015-01-22 00:00:00+00:00,1069349,958434.5714,970999.1071,997218.3562
2015-01-23 00:00:00+00:00,1005861,957102,969451.2143,997036.2877
2015-01-24 00:00:00+00:00,977723,958812.5714,968961.25,996890.1863
2015-01-25 00:00:00+00:00,915041,958779.7143,967094.4286,996714.6986
2015-01-26 00:00:00+00:00,858594,958533,966783.0714,996500.0685
2015-01-27 00:00:00+00:00,914051,958398.4286,965729.3929,996578.537
2015-01-28 00:00:00+00:00,972209,958975.4286,964388.9286,996688.7342
2015-01-29 00:00:00+00:00,1065163,958377.4286,962982.1786,996881.3562
2015-01-30 00:00:00+00:00,991324,956300.7143,961638.7857,996590.8466
2015-01-31 00:00:00+00:00,948487,952124.1429,960053.75,996323.063
2015-02-01 00:00:00+00:00,931528,954479.4286,959235.75,996229.9589
2015-02-02 00:00:00+00:00,851453,953459.2857,957856.3214,995966.4027
2015-02-03 00:00:00+00:00,909771,952847.8571,956913.0357,995995.4575
2015-02-04 00:00:00+00:00,948182,949415.4286,954432.2143,995998.1507
2015-02-05 00:00:00+00:00,1081418,951737.5714,955065.0357,996277.3342
2015-02-06 00:00:00+00:00,1026174,956716.1429,956954.1786,996169.6027
2015-02-07 00:00:00+00:00,989095,962517.2857,957242.9643,996141.2
2015-02-08 00:00:00+00:00,925941,961719.1429,957645.8571,996038.1315
2015-02-09 00:00:00+00:00,884223,966400.5714,957950.3571,995962.0521
2015-02-10 00:00:00+00:00,942704,971105.2857,959078.4643,996181.5699
2015-02-11 00:00:00+00:00,976727,975183.1429,960087.4286,996378.4493
2015-02-12 00:00:00+00:00,1056587,971635.8571,960046.3571,996648.1534
2015-02-13 00:00:00+00:00,1051663,975277.1429,961349,996582.2466
2015-02-14 00:00:00+00:00,993912,975965.2857,962354.8214,996568.0356
2015-02-15 00:00:00+00:00,917037,974693.2857,962417.8929,996501.9507
2015-02-16 00:00:00+00:00,878226,973836.5714,963057.3571,996439.4466
2015-02-17 00:00:00+00:00,938638,973255.7143,963901.8214,996684.789
2015-02-18 00:00:00+00:00,970030,972299,963968.25,996783.3014
2015-02-19 00:00:00+00:00,1073498,974714.8571,964116.4286,997124.4767
2015-02-20 00:00:00+00:00,1053436,974968.1429,965815.5357,997096.6822
2015-02-21 00:00:00+00:00,980928,973113.2857,965930,996957.1863
2015-02-22 00:00:00+00:00,935004,975680,966642.9643,996877.9041
2015-02-23 00:00:00+00:00,920961,981785,968870.3571,996916.3945
2015-02-24 00:00:00+00:00,929711,980509.7143,969429.6429,997123.5342
2015-02-25 00:00:00+00:00,989521,983294.1429,970047.9286,997381.5918
2015-02-26 00:00:00+00:00,1095413,986424.8571,971128.2857,997819.1534
2015-02-27 00:00:00+00:00,1043226,984966.2857,972981.9286,997773.3507
2015-02-28 00:00:00+00:00,988946,986111.7143,974426.8929,997763.0685
2015-03-01 00:00:00+00:00,950452,988318.5714,975102.75,997795.3288
2015-03-02 00:00:00+00:00,888308,983653.8571,976419,997731.4137
2015-03-03 00:00:00+00:00,943325,985598.7143,977617.3571,997949.4986
2015-03-04 00:00:00+00:00,976712,983768.8571,978636.2857,998126.1205
2015-03-05 00:00:00+00:00,1133735,989243.4286,980504.75,998612.211
2015-03-06 00:00:00+00:00,1057803,991325.8571,981634.3571,998570.4301
2015-03-07 00:00:00+00:00,999838,992881.8571,982018.0357,998435.6164
2015-03-08 00:00:00+00:00,959727,994206.8571,983224.6786,998361.5315
2015-03-09 00:00:00+00:00,893015,994879.2857,983538.6786,998271.3096
2015-03-10 00:00:00+00:00,969311,998591.5714,984488.9286,998556.2986
2015-03-11 00:00:00+00:00,1030694,1006303.286,986416.3214,998856.9288
2015-03-12 00:00:00+00:00,1149671,1008579.857,989740.75,999306.1671
2015-03-13 00:00:00+00:00,1059873,1008875.571,990033.9643,999218.8575
2015-03-14 00:00:00+00:00,994912,1008171.857,990069.6786,999089.1753
2015-03-15 00:00:00+00:00,981348,1011260.571,992366.5,999023.7781
2015-03-16 00:00:00+00:00,916133,1014563.143,993720.3214,998958.8466
2015-03-17 00:00:00+00:00,956809,1012777.143,994369.2857,999168.1233
2015-03-18 00:00:00+00:00,1037329,1013725,996772.8214,999482.2932
2015-03-19 00:00:00+00:00,1141411,1012545,999198.2857,999869.1534
2015-03-20 00:00:00+00:00,1079613,1015365,1000133.179,999898.5863
2015-03-21 00:00:00+00:00,1018888,1018790.143,1001488.893,999825.6493
2015-03-22 00:00:00+00:00,984104,1019183.857,1003242.464,999768.726
2015-03-23 00:00:00+00:00,918284,1019491.143,1003146.857,999728.6822
2015-03-24 00:00:00+00:00,983550,1023311.286,1005069.679,999948.9205
2015-03-25 00:00:00+00:00,1009604,1019350.571,1005786.929,1000138.515
2015-03-26 00:00:00+00:00,1100690,1013533.286,1005975.393,1000449.219
2015-03-27 00:00:00+00:00,1073541,1012665.857,1007058.071,1000345.403
2015-03-28 00:00:00+00:00,1021638,1013058.714,1008225.643,1000360.159
2015-03-29 00:00:00+00:00,968564,1010838.714,1008872.5,1000247.997
2015-03-30 00:00:00+00:00,928371,1012279.714,1010303.321,1000222.214
2015-03-31 00:00:00+00:00,978767,1011596.429,1011569.107,1000469.016
2015-04-01 00:00:00+00:00,1022309,1013411.429,1013197.571,1000675.277
2015-04-02 00:00:00+00:00,1177869,1024437,1014773.786,1001149.926
2015-04-03 00:00:00+00:00,1102961,1028639.857,1016386.571,1001156.197
2015-04-04 00:00:00+00:00,1047729,1032367.143,1018096.964,1001084.329
2015-04-05 00:00:00+00:00,1024518,1040360.571,1020410.929,1001063.748
2015-04-06 00:00:00+00:00,961595,1045106.857,1022860.214,1001024.803
2015-04-07 00:00:00+00:00,1004191,1048738.857,1024105.929,1001250.362
2015-04-08 00:00:00+00:00,1064126,1054712.714,1025299.929,1001539.545
2015-04-09 00:00:00+00:00,1158902,1052003.143,1025629.607,1001898.414
2015-04-10 00:00:00+00:00,1089398,1050065.571,1026684.071,1001737.556
2015-04-11 00:00:00+00:00,1016745,1045639.286,1027463.821,1001616.304
2015-04-12 00:00:00+00:00,979922,1039268.429,1027412.893,1001525.948
2015-04-13 00:00:00+00:00,951553,1037833.857,1028677.893,1001462.173
2015-04-14 00:00:00+00:00,980154,1034400,1029511.643,1001622.26
2015-04-15 00:00:00+00:00,1056267,1033277.286,1030188,1001824.041
2015-04-16 00:00:00+00:00,1159116,1033307.857,1030820.321,1002242.216
2015-04-17 00:00:00+00:00,1111125,1036411.714,1031945.75,1002255.718
2015-04-18 00:00:00+00:00,1041417,1039936.286,1032750.357,1002147.822
2015-04-19 00:00:00+00:00,1006331,1043709,1033544.179,1002148.929
2015-04-20 00:00:00+00:00,950689,1043585.571,1034701.5,1002021.408
2015-04-21 00:00:00+00:00,973110,1042579.286,1034328.643,1002166.984
2015-04-22 00:00:00+00:00,1075972,1045394.286,1036698.929,1002476.997
2015-04-23 00:00:00+00:00,1135621,1042037.857,1037946.464,1002816.567
2015-04-24 00:00:00+00:00,1086224,1038480.571,1038399.429,1002755.742
2015-04-25 00:00:00+00:00,1065283,1041890,1039958.179,1002724.819
2015-04-26 00:00:00+00:00,998426,1040760.714,1041024.679,1002678.592
2015-04-27 00:00:00+00:00,943129,1039680.714,1041551.75,1002641.159
2015-04-28 00:00:00+00:00,998095,1043250,1042242.036,1002807.997
2015-04-29 00:00:00+00:00,1045324,1038871.714,1043064,1003021.608
2015-04-30 00:00:00+00:00,1171006,1043926.714,1042818.893,1003506.362
2015-05-01 00:00:00+00:00,1119179,1048634.571,1043398.107,1003398.282
2015-05-02 00:00:00+00:00,1087864,1051860.429,1044831.5,1003370.153
2015-05-03 00:00:00+00:00,1020787,1055054.857,1044698.25,1003292.477
2015-05-04 00:00:00+00:00,977142,1059913.857,1045253.5,1003298.405
2015-05-05 00:00:00+00:00,1000433,1060247.857,1045119.286,1003471.268
2015-05-06 00:00:00+00:00,1071393,1063972,1045378.821,1003633.874
2015-05-07 00:00:00+00:00,1206686,1069069.143,1047085.393,1004031.351
2015-05-08 00:00:00+00:00,1144713,1072716.857,1049060.929,1003973.148
2015-05-09 00:00:00+00:00,1064596,1069392.857,1050769.893,1003893.151
2015-05-10 00:00:00+00:00,992178,1065305.857,1051207.607,1003789.677
2015-05-11 00:00:00+00:00,963229,1063318.286,1051624.607,1003675.592
2015-05-12 00:00:00+00:00,1045344,1069734.143,1053952.821,1003911.532
2015-05-13 00:00:00+00:00,1081922,1071238.286,1054869.071,1004118.71
2015-05-14 00:00:00+00:00,1184461,1068063.286,1055774.25,1004472.822
2015-05-15 00:00:00+00:00,1125474,1065314.857,1056286.714,1004401.518
2015-05-16 00:00:00+00:00,1062557,1065023.571,1057041.714,1004213.981
2015-05-17 00:00:00+00:00,1023703,1069527.143,1057662.143,1004113.016
2015-05-18 00:00:00+00:00,959835,1069042.286,1057988.786,1003990.049
2015-05-19 00:00:00+00:00,1016426,1064911.143,1059535.786,1004186.677
2015-05-20 00:00:00+00:00,1074376,1063833.143,1059478.786,1004396.668
2015-05-21 00:00:00+00:00,1187290,1064237.286,1061324.107,1004801.901
2015-05-22 00:00:00+00:00,1147951,1067448.286,1063528.643,1004849.929
2015-05-23 00:00:00+00:00,1104770,1073478.714,1064938.893,1004920.808
2015-05-24 00:00:00+00:00,1030502,1074450,1066084.464,1004819.411
2015-05-25 00:00:00+00:00,974681,1076570.857,1067211.321,1004778.293
2015-05-26 00:00:00+00:00,1009075,1075520.714,1067603.464,1004966.244
2015-05-27 00:00:00+00:00,1069352,1074803,1068461.607,1005186.548
2015-05-28 00:00:00+00:00,1170686,1072431,1068450.179,1005521.86
2015-05-29 00:00:00+00:00,1146713,1072254.143,1069433.536,1005435.534
2015-05-30 00:00:00+00:00,1055892,1065271.571,1068291.679,1005315
2015-05-31 00:00:00+00:00,1023310,1064244.143,1068381.786,1005239.945
2015-06-01 00:00:00+00:00,991418,1066635.143,1068891.643,1005150.542
2015-06-02 00:00:00+00:00,1036494,1070552.143,1070179.536,1005343.649
2015-06-03 00:00:00+00:00,1074067,1071225.714,1070275.036,1005506.795
2015-06-04 00:00:00+00:00,1178377,1072324.429,1069264,1005728.263
2015-06-05 00:00:00+00:00,1112694,1067464.571,1068120.464,1005560.841
2015-06-06 00:00:00+00:00,1100812,1073881.714,1069413.893,1005450.121
2015-06-07 00:00:00+00:00,1023141,1073857.571,1070519.714,1005321.485
2015-06-08 00:00:00+00:00,961794,1069625.571,1070468.464,1005192.173
2015-06-09 00:00:00+00:00,1044104,1070712.714,1070424.179,1005427.718
2015-06-10 00:00:00+00:00,1086356,1072468.286,1070582.536,1005618.603
2015-06-11 00:00:00+00:00,1189637,1074076.857,1070767.393,1005949.436
2015-06-12 00:00:00+00:00,1144883,1078675.286,1071460.571,1005835.066
2015-06-13 00:00:00+00:00,1070968,1074411.857,1071760.964,1005709.745
2015-06-14 00:00:00+00:00,1014342,1073154.857,1071426.643,1005570.079
2015-06-15 00:00:00+00:00,964286,1073510.857,1071585.607,1005369.781
2015-06-16 00:00:00+00:00,1009258,1068532.857,1071329.607,1005498.8
2015-06-17 00:00:00+00:00,1090965,1069191.286,1071922.071,1005671.564
2015-06-18 00:00:00+00:00,1177170,1067410.286,1071560.643,1005921.263
2015-06-19 00:00:00+00:00,1128357,1065049.429,1070860.857,1005781.874
2015-06-20 00:00:00+00:00,1081468,1066549.429,1070028.643,1005552.658
2015-06-21 00:00:00+00:00,1020425,1067418.429,1069668.75,1005367.282
2015-06-22 00:00:00+00:00,949545,1065312.571,1068771.036,1005110.216
2015-06-23 00:00:00+00:00,997454,1063626.286,1068356,1005209.504
2015-06-24 00:00:00+00:00,1084630,1062721.286,1068901.643,1005336.973
2015-06-25 00:00:00+00:00,1158937,1060116.571,1068482.036,1005629.589
2015-06-26 00:00:00+00:00,1154088,1063792.429,1068745.429,1005520.94
2015-06-27 00:00:00+00:00,1070242,1062188.714,1069257.929,1005425.677
2015-06-28 00:00:00+00:00,1024121,1062716.714,1069286.893,1005296.981
2015-06-29 00:00:00+00:00,974761,1066319,1068692,1005181.003
2015-06-30 00:00:00+00:00,1022484,1069894.714,1068191.643,1005287.888
2015-07-01 00:00:00+00:00,1071055,1067955.429,1068084.071,1005475.578
2015-07-02 00:00:00+00:00,1168119,1069267.143,1067717.714,1005775.537
2015-07-03 00:00:00+00:00,1110686,1063066.857,1067646,1005549.929
2015-07-04 00:00:00+00:00,1072750,1063425.143,1066643.786,1005322.205
2015-07-05 00:00:00+00:00,1026192,1063721,1066752.75,1005167.666
2015-07-06 00:00:00+00:00,951847,1060447.571,1066397.5,1004945.441
2015-07-07 00:00:00+00:00,1038255,1062700.571,1066188.607,1005130.573
2015-07-08 00:00:00+00:00,1056408,1060608.143,1065119.036,1005208.044
2015-07-09 00:00:00+00:00,1203776,1065702,1065624,1005572.422
2015-07-10 00:00:00+00:00,1136865,1069441.857,1065337.643,1005439.918
2015-07-11 00:00:00+00:00,1107657,1074428.571,1066647.964,1005361.967
2015-07-12 00:00:00+00:00,1007531,1071762.714,1066404.714,1005121.786
2015-07-13 00:00:00+00:00,982403,1076127.857,1067051.75,1004999.507
2015-07-14 00:00:00+00:00,1014506,1072735.143,1067239.179,1005173.17
2015-07-15 00:00:00+00:00,1064818,1073936.571,1066305.357,1005232.614
2015-07-16 00:00:00+00:00,1174874,1069807.714,1066223.357,1005437.858
2015-07-17 00:00:00+00:00,1122539,1067761.143,1066015.571,1005295.816
2015-07-18 00:00:00+00:00,1058589,1060751.429,1065198.464,1005061.548
2015-07-19 00:00:00+00:00,1005581,1060472.857,1064668.321,1004825.677
2015-07-20 00:00:00+00:00,974601,1059358.286,1065563.179,1004699.052
2015-07-21 00:00:00+00:00,1033149,1062021.571,1066838,1004912.121
2015-07-22 00:00:00+00:00,1096677,1066572.857,1067268.25,1005117.726
2015-07-23 00:00:00+00:00,1102389,1056217.857,1065248.679,1005143.589
2015-07-24 00:00:00+00:00,1054726,1046530.286,1061700.036,1004794.89
2015-07-25 00:00:00+00:00,975169,1034613.143,1058304.571,1004340.701
2015-07-26 00:00:00+00:00,954087,1027256.857,1055803.357,1003973.019
2015-07-27 00:00:00+00:00,896187,1016054.857,1052997.143,1003597.849
2015-07-28 00:00:00+00:00,938489,1002532,1049997.321,1003498.959
2015-07-29 00:00:00+00:00,1020879,991703.7143,1048205.321,1003463.586
2015-07-30 00:00:00+00:00,1080298,988547.8571,1045068.857,1003447.249
2015-07-31 00:00:00+00:00,1030690,985114.1429,1042211.857,1002967.444
2015-08-01 00:00:00+00:00,962088,983245.4286,1038259.643,1002468.425
2015-08-02 00:00:00+00:00,970595,985603.7143,1036274.036,1002157.625
2015-08-03 00:00:00+00:00,889553,984656,1034049.25,1001782.099
2015-08-04 00:00:00+00:00,954192,986899.2857,1031047,1001668.164
2015-08-05 00:00:00+00:00,1001312,984104,1029079.286,1001633.09
2015-08-06 00:00:00+00:00,1088767,985313.8571,1024971.821,1001616.956
2015-08-07 00:00:00+00:00,1028933,985062.8571,1021117.107,1001178.693
2015-08-08 00:00:00+00:00,1032175,995075.2857,1018421.321,1000866.63
2015-08-09 00:00:00+00:00,952854,992540.8571,1016468.571,1000582.581
2015-08-10 00:00:00+00:00,886855,992155.4286,1013056.143,1000162.677
2015-08-11 00:00:00+00:00,938121,989859.5714,1010328.107,1000057.293
2015-08-12 00:00:00+00:00,965227,984704.5714,1006771.286,999862.1781
2015-08-13 00:00:00+00:00,1084216,984054.4286,1003533.5,999878.663
2015-08-14 00:00:00+00:00,1027760,983886.8571,1000148.536,999430.8575
2015-08-15 00:00:00+00:00,986303,977333.7143,997566.8929,998978.3699
2015-08-16 00:00:00+00:00,951308,977112.8571,995628.5714,998648.0466
2015-08-17 00:00:00+00:00,867718,974379,991811.3214,998220.7014
2015-08-18 00:00:00+00:00,949175,975958.1429,988812.25,998227.6082
2015-08-19 00:00:00+00:00,988212,979241.7143,984938.5,998095.2685
2015-08-20 00:00:00+00:00,1067196,976810.2857,983681.6071,998082.1863
2015-08-21 00:00:00+00:00,1017102,975287.7143,982337.8929,997930.1781
2015-08-22 00:00:00+00:00,963101,971973.1429,981906.8929,997691.2301
2015-08-23 00:00:00+00:00,908502,965858,980278.8571,997513.2
2015-08-24 00:00:00+00:00,879988,967610.8571,979700.3214,997295.7589
2015-08-25 00:00:00+00:00,902252,960907.5714,978406.1429,997403.6959
2015-08-26 00:00:00+00:00,974035,958882.2857,976733.1429,997464.2411
2015-08-27 00:00:00+00:00,1046568,955935.4286,975528.5,997634.8603
2015-08-28 00:00:00+00:00,1026571,957288.1429,975381.3929,997534.3123
2015-08-29 00:00:00+00:00,963289,957315,975424.2857,997284.2274
2015-08-30 00:00:00+00:00,886821,954217.7143,972432.3571,996926.2521
2015-08-31 00:00:00+00:00,875291,953546.7143,971923,996722.4877
2015-09-01 00:00:00+00:00,909187,954537.4286,970315.6786,996845.8356
2015-09-02 00:00:00+00:00,927110,947833.8571,967665.6071,996836.3918
2015-09-03 00:00:00+00:00,1084575,953263.4286,967515.8929,997103.3205
2015-09-04 00:00:00+00:00,1009784,950865.2857,966832,996917.6055
2015-09-05 00:00:00+00:00,975358,952589.4286,964802.8214,996724.6384
2015-09-06 00:00:00+00:00,921025,957475.7143,963666.0714,996545.2877
2015-09-07 00:00:00+00:00,865314,956050.4286,962896.75,996382.674
2015-09-08 00:00:00+00:00,914115,956754.4286,962039.3929,996477.6603
2015-09-09 00:00:00+00:00,959670,961405.8571,961840.9286,996513.4411
2015-09-10 00:00:00+00:00,1059732,957856.8571,960966.5,996667.8466
2015-09-11 00:00:00+00:00,1003191,956915,960089.0357,996385.2247
2015-09-12 00:00:00+00:00,943294,952334.4286,958553,996126.7589
2015-09-13 00:00:00+00:00,907861,950453.8571,957001.3214,995898.4959
2015-09-14 00:00:00+00:00,858607,949495.7143,956675.9286,995685.126
2015-09-15 00:00:00+00:00,914860,949602.1429,955450.3929,995709
2015-09-16 00:00:00+00:00,941472,947002.4286,953781.1071,995718.2795
2015-09-17 00:00:00+00:00,1024379,941952,952251.9286,995822.3288
2015-09-18 00:00:00+00:00,981546,938859.8571,950982.0714,995622.3863
2015-09-19 00:00:00+00:00,922636,935908.7143,949536.8929,995441.2767
2015-09-20 00:00:00+00:00,881053,932079,948556.5714,995242.5753
2015-09-21 00:00:00+00:00,849827,930824.7143,947479.3929,995090.1068
2015-09-22 00:00:00+00:00,870145,924436.8571,946332.7143,995140.8055
2015-09-23 00:00:00+00:00,936263,923692.7143,944983.7143,995185.9068
2015-09-24 00:00:00+00:00,1027221,924098.7143,944292.75,995329.8027
2015-09-25 00:00:00+00:00,1005076,927460.1429,943525.0714,995169.0247
2015-09-26 00:00:00+00:00,924488,927724.7143,942139.3214,994891.4356
2015-09-27 00:00:00+00:00,879764,927540.5714,941887.2857,994661.2575
2015-09-28 00:00:00+00:00,840181,926162.5714,940633.3571,994439.3507
2015-09-29 00:00:00+00:00,871738,926390.1429,939295.8929,994476.5233
2015-09-30 00:00:00+00:00,928322,925255.7143,939339.1786,994566.4356
2015-10-01 00:00:00+00:00,1027339,925272.5714,937295.0357,994787.7753
2015-10-02 00:00:00+00:00,963199,919290.1429,935631.2857,994534.7918
2015-10-03 00:00:00+00:00,929948,920070.1429,934009.5,994380.9534
2015-10-04 00:00:00+00:00,884703,920775.7143,932712.2857,994114.3644
2015-10-05 00:00:00+00:00,827439,918955.4286,931359.6071,993901.4493
2015-10-06 00:00:00+00:00,895466,922345.1429,930693.5714,993948.5479
2015-10-07 00:00:00+00:00,942026,924302.8571,930063.4286,994064.5397
2015-10-08 00:00:00+00:00,1012837,922231.1429,928388.6071,994145.9808
2015-10-09 00:00:00+00:00,953760,920882.7143,926623.2143,993893.2521
2015-10-10 00:00:00+00:00,945262,923070.4286,926693.5,993735.0548
2015-10-11 00:00:00+00:00,876722,921930.2857,925581.3929,993505.7123
2015-10-12 00:00:00+00:00,847519,924798.8571,925185.3929,993307.9041
2015-10-13 00:00:00+00:00,898825,925278.7143,924612.7143,993443.789
2015-10-14 00:00:00+00:00,922628,922507.5714,923939.7143,993417.6219
2015-10-15 00:00:00+00:00,1071306,930860.2857,925615.6786,993810.6822
2015-10-16 00:00:00+00:00,1030392,941807.7143,927360.1786,993696.0219
2015-10-17 00:00:00+00:00,964035,944489.5714,928838.7143,993689.5918
2015-10-18 00:00:00+00:00,923719,951203.4286,930362.5,993737.7041
2015-10-19 00:00:00+00:00,838189,949870.5714,929946.8571,993583.7288
2015-10-20 00:00:00+00:00,922641,953272.8571,931821.7143,993757.2411
2015-10-21 00:00:00+00:00,963168,959064.2857,932782.6071,993933.0548
2015-10-22 00:00:00+00:00,1045697,955405.8571,933442.4643,994242.2438
2015-10-23 00:00:00+00:00,1008962,952344.4286,933581.25,994212.4904
2015-10-24 00:00:00+00:00,969165,953077.2857,935176.8571,994166.5918
2015-10-25 00:00:00+00:00,912076,951414,936330.8571,994096.5397
2015-10-26 00:00:00+00:00,882296,957715,937834.9643,994102.3562
2015-10-27 00:00:00+00:00,914461,956546.4286,939360.7857,994304.6164
2015-10-28 00:00:00+00:00,966022,956954.1429,940707.2143,994520.2137
2015-10-29 00:00:00+00:00,1051139,957731.5714,941557.2143,994871.674
2015-10-30 00:00:00+00:00,994593,955678.8571,942678.4286,994816.1589
2015-10-31 00:00:00+00:00,950626,953030.4286,943416.9286,994706.874
2015-11-01 00:00:00+00:00,887417,949507.7143,943513.8571,994588.8959
2015-11-02 00:00:00+00:00,881964,949460.2857,945461.1786,994568.4575
2015-11-03 00:00:00+00:00,912239,949142.8571,946060.2143,994796.2219
2015-11-04 00:00:00+00:00,967506,949354.8571,946970.2143,995024.7123
2015-11-05 00:00:00+00:00,1043756,948300.1429,948074.4643,995325.8384
2015-11-06 00:00:00+00:00,1011107,950659.2857,950122.5714,995332.9726
2015-11-07 00:00:00+00:00,951046,950719.2857,950329.1429,995268.8959
2015-11-08 00:00:00+00:00,904943,953223,951337.0357,995192.8164
2015-11-09 00:00:00+00:00,877902,952642.7143,952422.1429,995147.4548
2015-11-10 00:00:00+00:00,919417,953668.1429,953157.5714,995385.8904
2015-11-11 00:00:00+00:00,948010,950883,954064.0714,995471.5342
2015-11-12 00:00:00+00:00,1094095,958074.2857,954877.9643,995913.1808
2015-11-13 00:00:00+00:00,1032114,961075.2857,954939.4643,995860.9808
2015-11-14 00:00:00+00:00,1001978,968351.2857,956294.5714,995856.537
2015-11-15 00:00:00+00:00,928089,971657.8571,956450.6429,995737.2
2015-11-16 00:00:00+00:00,917035,977248.2857,959266.5714,995786.1288
2015-11-17 00:00:00+00:00,954611,982276,960408.3571,996054.1288
2015-11-18 00:00:00+00:00,983402,987332,961131,996269.4493
2015-11-19 00:00:00+00:00,1093959,987312.5714,962854.6429,996629.8959
2015-11-20 00:00:00+00:00,1034547,987660.1429,963768.3929,996478.5151
2015-11-21 00:00:00+00:00,983054,984956.7143,964264.4286,996345.926
2015-11-22 00:00:00+00:00,915499,983158.1429,964386.6786,996233.1342
2015-11-23 00:00:00+00:00,895031,980014.7143,964841.5,996258.6548
2015-11-24 00:00:00+00:00,919807,975042.7143,965032.4286,996439.3726
2015-11-25 00:00:00+00:00,996176,976867.5714,966109.3571,996679.1123
2015-11-26 00:00:00+00:00,1091605,976531.2857,967554.5714,997076.7918
2015-11-27 00:00:00+00:00,1052405,979082.4286,969619.2857,997036.7945
2015-11-28 00:00:00+00:00,971814,977476.7143,970376,996998.0849
2015-11-29 00:00:00+00:00,954527,983052.1429,972772.7857,996958.6849
2015-11-30 00:00:00+00:00,885617,981707.2857,972903.25,996921.9014
2015-12-01 00:00:00+00:00,942116,984894.2857,973970.2857,997188.0356
2015-12-02 00:00:00+00:00,997207,985041.5714,975031.0357,997474.8192
2015-12-03 00:00:00+00:00,1075922,982801.1429,976179.8214,997774.8274
2015-12-04 00:00:00+00:00,1025221,978917.7143,976683.8929,997713.389
2015-12-05 00:00:00+00:00,976379,979569.8571,977588.6429,997624.4438
2015-12-06 00:00:00+00:00,924707,975309.8571,978294.5,997497.3315
2015-12-07 00:00:00+00:00,891615,976166.7143,978784.25,997471.6877
2015-12-08 00:00:00+00:00,950651,977386,979899.75,997736.9644
2015-12-09 00:00:00+00:00,1002506,978143,981846.0357,998033.3151
2015-12-10 00:00:00+00:00,1031423,971786,979607.75,998317.6
2015-12-11 00:00:00+00:00,1001326,968372.4286,978508.1786,998055.0575
2015-12-12 00:00:00+00:00,943944,963738.8571,976435.5357,997841.5863
2015-12-13 00:00:00+00:00,908980,961492.1429,975753.0714,997602.7452
2015-12-14 00:00:00+00:00,845476,954900.8571,973197.3929,997350.8329
2015-12-15 00:00:00+00:00,913203,949551.1429,971718.5357,997451.9205
2015-12-16 00:00:00+00:00,980191,946363.2857,971603.8571,997543.9589
2015-12-17 00:00:00+00:00,1079846,953280.8571,971099.8214,997780.9233
2015-12-18 00:00:00+00:00,1015301,955277.2857,970412.4643,997647.4795
2015-12-19 00:00:00+00:00,955259,956893.7143,969419.7857,997357.4466
2015-12-20 00:00:00+00:00,902178,955922,968944.0357,997163.9288
2015-12-21 00:00:00+00:00,870397,959482.1429,968064.25,996955.1452
2015-12-22 00:00:00+00:00,899280,957493.1429,967331.1429,996961.8493
2015-12-23 00:00:00+00:00,981694,957707.8571,966813.9286,997097.8493
2015-12-24 00:00:00+00:00,1032331,950920,964697,997243.9425
2015-12-25 00:00:00+00:00,1025975,952444.8571,963753.0714,997071.0466
2015-12-26 00:00:00+00:00,949346,951600.1429,962950.6429,996797.4685
2015-12-27 00:00:00+00:00,919539,954080.2857,961701.0714,996600.474
2015-12-28 00:00:00+00:00,863124,953041.2857,960897.75,996315.0274
2015-12-29 00:00:00+00:00,907515,954217.7143,959662,996425.1726
2015-12-30 00:00:00+00:00,967505,952190.7143,958601.2143,996490.7918
2015-12-31 00:00:00+00:00,1015136,949734.2857,956430.2857,996505.5699
2016-01-01 00:00:00+00:00,998175,945762.8571,955464.3571,996214.126
2016-01-02 00:00:00+00:00,970230,948746.2857,955244.75,996053.2795
2016-01-03 00:00:00+00:00,923397,949297.4286,955197.9643,995862.9479
2016-01-04 00:00:00+00:00,863383,949334.4286,954189.6786,995613.4986
2016-01-05 00:00:00+00:00,889361,946741,952000.75,995611.537
2016-01-06 00:00:00+00:00,975046,947818.2857,951020.0357,995718.011
2016-01-07 00:00:00+00:00,1084206,957685.4286,952905.1429,995900.3699
2016-01-08 00:00:00+00:00,1047101,964674.8571,954539.9643,995854.8959
2016-01-09 00:00:00+00:00,972774,965038.2857,955569.6071,995853.5151
2016-01-10 00:00:00+00:00,933616,966498.1429,956449.4643,995723.6712
2016-01-11 00:00:00+00:00,894309,970916.1429,958193.5,995667.9151
2016-01-12 00:00:00+00:00,928234,976469.4286,958730.3214,995811.8521
2016-01-13 00:00:00+00:00,983202,977634.5714,958837.8571,996009.3452
2016-01-14 00:00:00+00:00,1089568,978400.5714,959185.0714,996395.8986
2016-01-15 00:00:00+00:00,1019984,974526.7143,959352.3214,996292.4658
2016-01-16 00:00:00+00:00,1008860,979681.8571,961266.6429,996275.126
2016-01-17 00:00:00+00:00,942304,980923,962699.7143,996210.8932
2016-01-18 00:00:00+00:00,893313,980780.7143,963518.1429,996150.7342
2016-01-19 00:00:00+00:00,932685,981416.5714,964711.1786,996348.9918
2016-01-20 00:00:00+00:00,1000824,983934,965394.3929,996584.1452
2016-01-21 00:00:00+00:00,1090317,984041,967465.3214,996918.7945
2016-01-22 00:00:00+00:00,1062358,990094.4286,968764.7143,996899.6411
2016-01-23 00:00:00+00:00,967001,984114.5714,969395.25,996793.1753
2016-01-24 00:00:00+00:00,942214,984101.7143,970205.0714,996695.8904
2016-01-25 00:00:00+00:00,901533,985276,971576.8214,996658.8822
2016-01-26 00:00:00+00:00,937715,985994.5714,972655.3929,996875.6521
2016-01-27 00:00:00+00:00,1007044,986883.1429,974067.5,997130.4274
2016-01-28 00:00:00+00:00,1107981,989406.5714,977383.3929,997502.4055
2016-01-29 00:00:00+00:00,1044191,986811.2857,979026.8214,997444.9479
2016-01-30 00:00:00+00:00,994066,990677.7143,979878.1071,997452.4603
2016-01-31 00:00:00+00:00,927212,988534.5714,980014.3571,997394.1726
2016-02-01 00:00:00+00:00,926316,992075,982261.9643,997379.8932
2016-02-02 00:00:00+00:00,956510,994760,984660.1429,997667.7205
2016-02-03 00:00:00+00:00,970174,989492.8571,984486.1429,997833.2082
2016-02-04 00:00:00+00:00,1121410,991411.2857,985814.8571,998307.8055
2016-02-05 00:00:00+00:00,1076827,996073.5714,986876.5,998295.2274
2016-02-06 00:00:00+00:00,1020353,999828.8571,988575.75,998279.2795
2016-02-07 00:00:00+00:00,966000,1005370,989732.3214,998216.0055
2016-02-08 00:00:00+00:00,919357,1004375.857,990626.8929,998197.9671
2016-02-09 00:00:00+00:00,975800,1007131.571,992325.6786,998448.863
2016-02-10 00:00:00+00:00,1040530,1017182.429,994373.1071,998716.8795
2016-02-11 00:00:00+00:00,1101919,1014398,994814.2143,999059.8712
2016-02-12 00:00:00+00:00,1087600,1015937,997229.0714,999144.8384
2016-02-13 00:00:00+00:00,1028393,1017085.571,997926.6786,999081.0849
2016-02-14 00:00:00+00:00,943192,1013827.286,997958.3929,998942.126
2016-02-15 00:00:00+00:00,909191,1012375,998525.4643,998920.6301
2016-02-16 00:00:00+00:00,971336,1011737.286,999905.8571,999175.726
2016-02-17 00:00:00+00:00,1021814,1009063.571,1000655.5,999403.6055
2016-02-18 00:00:00+00:00,1146149,1015382.143,1002649.5,999886.1233
2016-02-19 00:00:00+00:00,1077034,1013872.714,1003173.643,999895.811
2016-02-20 00:00:00+00:00,1038115,1015261.571,1005713.429,999853.8356
2016-02-21 00:00:00+00:00,950215,1016264.857,1005999.179,999769.6904
2016-02-22 00:00:00+00:00,919909,1017796,1006655.464,999728.3342
2016-02-23 00:00:00+00:00,969343,1017511.286,1007785.036,999860.8877
2016-02-24 00:00:00+00:00,1020018,1017254.714,1008248.393,1000108.304
2016-02-25 00:00:00+00:00,1122484,1013874,1008766.357,1000472.586
2016-02-26 00:00:00+00:00,1069596,1012811.429,1009673.679,1000401.855
2016-02-27 00:00:00+00:00,1035577,1012448.857,1011156.214,1000380.899
2016-02-28 00:00:00+00:00,952412,1012762.714,1012056.214,1000280.805
2016-02-29 00:00:00+00:00,937862,1015327.429,1012468.571,1000246.312
2016-03-01 00:00:00+00:00,954020,1013138.429,1012379.643,1000426.345
2016-03-02 00:00:00+00:00,1001430,1010483,1013495.929,1000585.537
2016-03-03 00:00:00+00:00,1151568,1014637.857,1014573,1001064.595
2016-03-04 00:00:00+00:00,1101903,1019253.143,1015468.571,1000977.384
2016-03-05 00:00:00+00:00,1045654,1020692.714,1016372.179,1000944.099
2016-03-06 00:00:00+00:00,997147,1027083.429,1017484.571,1000936.726
2016-03-07 00:00:00+00:00,950701,1028917.571,1018604,1000911.997
2016-03-08 00:00:00+00:00,1008566,1036709.857,1019774.214,1001228.575
2016-03-09 00:00:00+00:00,1058164,1044814.714,1020404,1001472.008
2016-03-10 00:00:00+00:00,1171941,1047725.143,1022904.786,1001858.986
2016-03-11 00:00:00+00:00,1103958,1048018.714,1023489,1001733.745
2016-03-12 00:00:00+00:00,1057994,1049781.571,1024546.179,1001728.597
2016-03-13 00:00:00+00:00,1002814,1050591.143,1026675.536,1001750.247
2016-03-14 00:00:00+00:00,969057,1053213.429,1028813.607,1001716.573
2016-03-15 00:00:00+00:00,1011067,1053570.714,1030232.571,1001976.666
2016-03-16 00:00:00+00:00,1030982,1049687.571,1030560,1002179.879
2016-03-17 00:00:00+00:00,1192490,1052623.143,1032215.036,1002604.978
2016-03-18 00:00:00+00:00,1079151,1049079.286,1032290.643,1002434.403
2016-03-19 00:00:00+00:00,1058303,1049123.429,1033011.643,1002376.019
2016-03-20 00:00:00+00:00,983978,1046432.571,1034217.464,1002280.375
2016-03-21 00:00:00+00:00,945854,1043117.857,1035144.071,1002175.581
2016-03-22 00:00:00+00:00,1005945,1042386.143,1036451.286,1002415.748
2016-03-23 00:00:00+00:00,1041336,1043865.286,1037212.643,1002574.066
2016-03-24 00:00:00+00:00,1152634,1038171.571,1038289.429,1002965.929
2016-03-25 00:00:00+00:00,1092838,1040126.857,1039119.5,1002944.416
2016-03-26 00:00:00+00:00,1038960,1037363.571,1039240.321,1002849.674
2016-03-27 00:00:00+00:00,1002053,1039945.714,1041013.214,1002796.016
2016-03-28 00:00:00+00:00,935111,1038411,1040914.964,1002704.364
2016-03-29 00:00:00+00:00,1015507,1039777,1043110.929,1002943.093
2016-03-30 00:00:00+00:00,1058641,1042249.143,1045154.179,1003161.926
2016-03-31 00:00:00+00:00,1203610,1049531.429,1047012.821,1003658.641
2016-04-01 00:00:00+00:00,1139139,1056145.857,1048342.679,1003552.532
2016-04-02 00:00:00+00:00,1074621,1061240.286,1049377.214,1003474.888
2016-04-03 00:00:00+00:00,1028711,1065048.571,1050504.5,1003422.784
2016-04-04 00:00:00+00:00,961002,1068747.286,1050872.393,1003248.767
2016-04-05 00:00:00+00:00,1006444,1067452.571,1050796.607,1003371.641
2016-04-06 00:00:00+00:00,1074122,1069664.143,1051366.536,1003563.233
2016-04-07 00:00:00+00:00,1177186,1065889.286,1051553.857,1003872.986
2016-04-08 00:00:00+00:00,1136943,1065575.571,1052731.893,1003812.825
2016-04-09 00:00:00+00:00,1072477,1065269.286,1053249.143,1003766.466
2016-04-10 00:00:00+00:00,1043708,1067411.714,1054709.643,1003840.337
2016-04-11 00:00:00+00:00,969651,1068647.286,1054730.857,1003812.197
2016-04-12 00:00:00+00:00,1026128,1071459.286,1055268.75,1004016.512
2016-04-13 00:00:00+00:00,1080967,1072437.143,1057053.929,1004292.712
2016-04-14 00:00:00+00:00,1195239,1075016.143,1057152.107,1004673.458
2016-04-15 00:00:00+00:00,1138310,1075211.429,1059264.929,1004616.455
2016-04-16 00:00:00+00:00,1090325,1077761.143,1060408.571,1004559.468
2016-04-17 00:00:00+00:00,1021566,1074598,1061751,1004505.082
2016-04-18 00:00:00+00:00,985538,1076867.571,1063168.286,1004448.115
2016-04-19 00:00:00+00:00,1026296,1076891.571,1063895.107,1004655.258
2016-04-20 00:00:00+00:00,1075478,1076107.429,1065114.464,1004935.718
2016-04-21 00:00:00+00:00,1213286,1078685.571,1067280.607,1005311.921
2016-04-22 00:00:00+00:00,1150753,1080463.143,1069349,1005353.378
2016-04-23 00:00:00+00:00,1097694,1081515.857,1071446.643,1005384.803
2016-04-24 00:00:00+00:00,1041487,1084361.714,1072855,1005319.608
2016-04-25 00:00:00+00:00,974357,1082764.429,1074256.643,1005253.666
2016-04-26 00:00:00+00:00,1027646,1082957.286,1074690.179,1005485.219
2016-04-27 00:00:00+00:00,1080955,1083739.714,1075487.107,1005712.233
2016-04-28 00:00:00+00:00,1206203,1082727.857,1075579.714,1006152.997
2016-04-29 00:00:00+00:00,1123282,1078803.429,1075013.393,1006022.247
2016-04-30 00:00:00+00:00,1101754,1079383.429,1075982.429,1005974.507
2016-05-01 00:00:00+00:00,1034668,1078409.286,1076195.179,1005828.764
2016-05-02 00:00:00+00:00,985975,1080069,1077087.071,1005733.389
2016-05-03 00:00:00+00:00,996877,1075673.429,1076745.393,1005787.458
2016-05-04 00:00:00+00:00,1074308,1074723.857,1076752.036,1005989.855
2016-05-05 00:00:00+00:00,1163146,1068572.857,1076250.607,1006241.233
2016-05-06 00:00:00+00:00,1144076,1071543.429,1076505.357,1006069.699
2016-05-07 00:00:00+00:00,1084661,1069101.571,1076940.5,1005905.173
2016-05-08 00:00:00+00:00,1025727,1067824.286,1076298.321,1005798.682
2016-05-09 00:00:00+00:00,985215,1067715.714,1076854.179,1005779.605
2016-05-10 00:00:00+00:00,1004264,1068771,1076073.321,1005892.03
2016-05-11 00:00:00+00:00,1074521,1068801.429,1075843.107,1005971.967
2016-05-12 00:00:00+00:00,1174549,1070430.429,1075104.179,1006225.74
2016-05-13 00:00:00+00:00,1129205,1068306,1074779,1006074.353
2016-05-14 00:00:00+00:00,1075841,1067046,1074261.714,1005938.373
2016-05-15 00:00:00+00:00,1035665,1068465.714,1074765.25,1005864.696
2016-05-16 00:00:00+00:00,972938,1066711.857,1074315.25,1005725.614
2016-05-17 00:00:00+00:00,1024677,1069628,1074257.429,1005903.263
2016-05-18 00:00:00+00:00,1121187,1076294.571,1075889.893,1006190.279
2016-05-19 00:00:00+00:00,1183532,1077577.857,1074827.25,1006489.337
2016-05-20 00:00:00+00:00,1137558,1078771.143,1074356,1006353.085
2016-05-21 00:00:00+00:00,1084255,1079973.143,1073876.036,1006178.575
2016-05-22 00:00:00+00:00,1007172,1075902.714,1072650.5,1005911.184
2016-05-23 00:00:00+00:00,953652,1073147.571,1071911.036,1005700.636
2016-05-24 00:00:00+00:00,1022612,1072852.571,1071731.25,1005831.953
2016-05-25 00:00:00+00:00,1085769,1067792.857,1071903.179,1006042.074
2016-05-26 00:00:00+00:00,1165709,1065246.714,1070456.964,1006306.066
2016-05-27 00:00:00+00:00,1125032,1063457.286,1070519.464,1006180.986
2016-05-28 00:00:00+00:00,1092060,1064572.286,1070173.25,1006031.252
2016-05-29 00:00:00+00:00,1017847,1066097.286,1069572.5,1005927.019
2016-05-30 00:00:00+00:00,965819,1067835.429,1068852.643,1005769.51
2016-05-31 00:00:00+00:00,1018463,1067242.714,1069623.571,1005843.605
2016-06-01 00:00:00+00:00,1069944,1064982,1069467.714,1005935.249
2016-06-02 00:00:00+00:00,1167576,1065248.714,1069625.929,1006191.438
2016-06-03 00:00:00+00:00,1120200,1064558.429,1068773.214,1006032.049
2016-06-04 00:00:00+00:00,1097752,1065371.571,1069240.75,1005991.112
2016-06-05 00:00:00+00:00,1018269,1065431.857,1068974.393,1005764.967
2016-06-06 00:00:00+00:00,969105,1065901.286,1068399.036,1005616.923
2016-06-07 00:00:00+00:00,1010645,1064784.429,1068626.929,1005750.762
2016-06-08 00:00:00+00:00,1072863,1065201.429,1068567.714,1005829.553
2016-06-09 00:00:00+00:00,1180836,1067095.714,1068792.25,1006088.403
2016-06-10 00:00:00+00:00,1137603,1069581.857,1069092.179,1005945.844
2016-06-11 00:00:00+00:00,1069672,1065570.429,1068871.857,1005739.786
2016-06-12 00:00:00+00:00,1031347,1067438.714,1068717.643,1005631.236
2016-06-13 00:00:00+00:00,967860,1067260.857,1068536.286,1005503.888
2016-06-14 00:00:00+00:00,1000841,1065860.286,1067685,1005604.038
2016-06-15 00:00:00+00:00,1076593,1066393.143,1066092.357,1005788.518
2016-06-16 00:00:00+00:00,1146124,1061434.286,1064756.357,1005939.638
2016-06-17 00:00:00+00:00,1138235,1061524.571,1064780.536,1005832.967
2016-06-18 00:00:00+00:00,1081168,1063166.857,1064670.286,1005703.682
2016-06-19 00:00:00+00:00,1024133,1062136.286,1065276.036,1005546.6
2016-06-20 00:00:00+00:00,976973,1063438.143,1066108.929,1005427.553
2016-06-21 00:00:00+00:00,1025069,1066899.286,1066196.679,1005634.468
2016-06-22 00:00:00+00:00,1078177,1067125.571,1065925.536,1005855.627
2016-06-23 00:00:00+00:00,1111650,1062200.714,1063994.857,1005929.655
2016-06-24 00:00:00+00:00,997277,1042063.857,1059432.179,1005486.751
2016-06-25 00:00:00+00:00,1001179,1030636.857,1056186.429,1005067.822
2016-06-26 00:00:00+00:00,937891,1018316.571,1053330.857,1004705.216
2016-06-27 00:00:00+00:00,906949,1008313.143,1051228.357,1004384.197
2016-06-28 00:00:00+00:00,939621,996106.2857,1048412.571,1004287.923
2016-06-29 00:00:00+00:00,998528,984727.8571,1045862,1004222.29
2016-06-30 00:00:00+00:00,1077459,979843.4286,1042643.536,1004239.836
2016-07-01 00:00:00+00:00,1028502,984304.1429,1039368.607,1003857.323
2016-07-02 00:00:00+00:00,999832,984111.7143,1035871.464,1003553.614
2016-07-03 00:00:00+00:00,951107,985999.7143,1033472.821,1003220.345
2016-07-04 00:00:00+00:00,911798,986692.4286,1031426.143,1002906.937
2016-07-05 00:00:00+00:00,920564,983970,1028208.964,1002821.23
2016-07-06 00:00:00+00:00,1006686,985135.4286,1025845.5,1002734.74
2016-07-07 00:00:00+00:00,1061953,982920.2857,1021599.679,1002749.932
2016-07-08 00:00:00+00:00,1055627,986795.2857,1018671.964,1002344.044
2016-07-09 00:00:00+00:00,982508,984320.4286,1015558.964,1001921.148
2016-07-10 00:00:00+00:00,942473,983087,1012384.893,1001468.589
2016-07-11 00:00:00+00:00,897711,981074.5714,1009879.571,1001167.712
2016-07-12 00:00:00+00:00,947425,984911.8571,1007971.857,1001071.882
2016-07-13 00:00:00+00:00,977932,980804.1429,1004448.25,1000971.679
2016-07-14 00:00:00+00:00,1102977,986664.7143,1002907.286,1001076.225
2016-07-15 00:00:00+00:00,1008833,979979.8571,998285.7857,1000621.318
2016-07-16 00:00:00+00:00,991198,981221.2857,995072.5714,1000261.479
2016-07-17 00:00:00+00:00,963122,984171.1429,992893.6071,999999.926
2016-07-18 00:00:00+00:00,892109,983370.8571,989862.75,999689.0438
2016-07-19 00:00:00+00:00,911354,978217.8571,985801.5,999515.7644
2016-07-20 00:00:00+00:00,975290,977840.4286,982126.9643,999357.2466
2016-07-21 00:00:00+00:00,1092606,976358.8571,981446.8214,999346.0932
2016-07-22 00:00:00+00:00,992098,973968.1429,981261.8571,999043.926
2016-07-23 00:00:00+00:00,963493,970010.2857,979915.9286,998793.9726
2016-07-24 00:00:00+00:00,921102,964007.4286,979316.3214,998645.8438
2016-07-25 00:00:00+00:00,858902,959263.5714,977600.3571,998385.063
2016-07-26 00:00:00+00:00,914701,959741.7143,976710.3571,998435.7863
2016-07-27 00:00:00+00:00,950778,956240,975005,998469.4548
2016-07-28 00:00:00+00:00,1050931,950286.4286,974057.5714,998551.789
2016-07-29 00:00:00+00:00,1008269,952596.5714,973334.9643,998354.4493
2016-07-30 00:00:00+00:00,985511,955742,972823.5,998230.6712
2016-07-31 00:00:00+00:00,923702,956113.4286,971844.75,998125.5041
2016-08-01 00:00:00+00:00,848860,954678.8571,969596.9643,997791.9836
2016-08-02 00:00:00+00:00,913294,954477.8571,969337.3214,997857.0274
2016-08-03 00:00:00+00:00,975933,958071.4286,968239,997916.5918
2016-08-04 00:00:00+00:00,1068109,960525.4286,968458.8571,998099.5973
2016-08-05 00:00:00+00:00,1002079,959641.1429,966546.4286,997862.0959
2016-08-06 00:00:00+00:00,973497,957924.8571,966224.6071,997710.2164
2016-08-07 00:00:00+00:00,912783,956365,965164.25,997383.1151
2016-08-08 00:00:00+00:00,867482,959025.2857,964084.6429,997149.2192
2016-08-09 00:00:00+00:00,921868,960250.1429,963171.8929,997245.1452
2016-08-10 00:00:00+00:00,968473,959184.4286,962834.0714,997328.3014
2016-08-11 00:00:00+00:00,1074473,960093.5714,961816.0714,997627.6055
2016-08-12 00:00:00+00:00,1017716,962327.4286,962133.3214,997445.4137
2016-08-13 00:00:00+00:00,960602,960485.2857,961040.6071,997261.4192
2016-08-14 00:00:00+00:00,911981,960370.7143,959214.1429,997057.7973
2016-08-15 00:00:00+00:00,851497,958087.1429,957763.7143,996784.3425
2016-08-16 00:00:00+00:00,914204,956992.2857,957865.5,996911.7014
2016-08-17 00:00:00+00:00,958417,955555.7143,957262.8929,996937.0219
2016-08-18 00:00:00+00:00,1016723,947305.7143,954552.7857,997015.1342
2016-08-19 00:00:00+00:00,996431,944265,954707.5357,996821.2575
2016-08-20 00:00:00+00:00,899072,935475,952406.7857,996497.8877
2016-08-21 00:00:00+00:00,882795,931305.5714,951038.6786,996277.8712
2016-08-22 00:00:00+00:00,837804,929349.4286,950285.1786,996084.1781
2016-08-23 00:00:00+00:00,878960,924314.5714,949008.7143,996081.3616
2016-08-24 00:00:00+00:00,941550,921905,948679.1429,996189.0274
2016-08-25 00:00:00+00:00,1015033,921663.5714,947397.0714,996301.3507
2016-08-26 00:00:00+00:00,985484,920099.7143,946583.3214,996133.9973
2016-08-27 00:00:00+00:00,944130,926536.5714,945105.4286,995908.1315
2016-08-28 00:00:00+00:00,893561,928074.5714,944028.9643,995717.0959
2016-08-29 00:00:00+00:00,835115,927690.4286,943538.0714,995575.4356
2016-08-30 00:00:00+00:00,871531,926629.1429,942046.5357,995565.1342
2016-08-31 00:00:00+00:00,914948,922828.8571,939868.5,995580.9178
2016-09-01 00:00:00+00:00,1039785,926364.8571,938856.9286,995889.6164
2016-09-02 00:00:00+00:00,973853,924703.2857,937848.8571,995586.2685
2016-09-03 00:00:00+00:00,955824,926373.8571,937217.6786,995438.4329
2016-09-04 00:00:00+00:00,899748,927257.7143,936752.1429,995231.2822
2016-09-05 00:00:00+00:00,833874,927080.4286,935551.8571,994992.5123
2016-09-06 00:00:00+00:00,875703,927676.4286,933903.1071,995020.9753
2016-09-07 00:00:00+00:00,928322,929587,932469.1429,995059.8986
2016-09-08 00:00:00+00:00,1041003,929761,931273.7857,995282.7288
2016-09-09 00:00:00+00:00,985540,931430.5714,930124.6429,995079.463
2016-09-10 00:00:00+00:00,943963,929736.1429,929530.3929,994917.1945
2016-09-11 00:00:00+00:00,897206,929373,929002.7143,994790.926
2016-09-12 00:00:00+00:00,857671,932772.5714,929223.2143,994653.4192
2016-09-13 00:00:00+00:00,873716,932488.7143,927777.2143,994694.8137
2016-09-14 00:00:00+00:00,920927,931432.2857,926438.2857,994711.4356
2016-09-15 00:00:00+00:00,1078977,936857.1429,928661.6429,995088.1616
2016-09-16 00:00:00+00:00,1002783,939320.4286,928888.5,995028.9945
2016-09-17 00:00:00+00:00,953935,940745,930847.8929,994953.3479
2016-09-18 00:00:00+00:00,928404,945201.8571,932476.7857,994969.1507
2016-09-19 00:00:00+00:00,867434,946596.5714,933535,994931.8384
2016-09-20 00:00:00+00:00,913561,952288.7143,934770.75,995106.4521
2016-09-21 00:00:00+00:00,944435,955647,934873.7857,995309.9863
2016-09-22 00:00:00+00:00,1064428,953568.5714,936637.8929,995661.1233
2016-09-23 00:00:00+00:00,1014456,955236.1429,937672.6071,995626.1507
2016-09-24 00:00:00+00:00,936380,952728.2857,937395.8214,995437.9425
2016-09-25 00:00:00+00:00,917835,951218.4286,938262.75,995419.7151
2016-09-26 00:00:00+00:00,883671,953538,939996.8929,995430.4192
2016-09-27 00:00:00+00:00,919572,954396.7143,941712.6429,995647.9288
2016-09-28 00:00:00+00:00,953955,955756.7143,943105.75,995873.1808
2016-09-29 00:00:00+00:00,1062510,955482.7143,943917.3571,996240.8192
2016-09-30 00:00:00+00:00,1013103,955289.4286,945319.1429,996201.8164
2016-10-01 00:00:00+00:00,948196,956977.4286,945046.7143,996160.7123
2016-10-02 00:00:00+00:00,904983,955141.4286,945233.6786,996092.3151
2016-10-03 00:00:00+00:00,862868,952169.5714,946269.1786,996032.4932
2016-10-04 00:00:00+00:00,924547,952880.2857,948013.6071,996298.5425
2016-10-05 00:00:00+00:00,972359,955509.4286,949586.3571,996509.2082
2016-10-06 00:00:00+00:00,1053249,954186.4286,950023.7143,996813.9288
2016-10-07 00:00:00+00:00,1006503,953243.5714,950772.3929,996796.5753
2016-10-08 00:00:00+00:00,976548,957293.8571,951936.1429,996859.0082
2016-10-09 00:00:00+00:00,901113,956741,952075.6786,996738.0521
2016-10-10 00:00:00+00:00,866785,957300.5714,952401.1786,996710.8274
2016-10-11 00:00:00+00:00,928169,957818,954345.9286,996931.7863
2016-10-12 00:00:00+00:00,973400,957966.7143,956219.9643,997136.1014
2016-10-13 00:00:00+00:00,1074429,960992.4286,956057.5357,997551.9945
2016-10-14 00:00:00+00:00,1028609,964150.4286,956979.8929,997435.0164
2016-10-15 00:00:00+00:00,1006717,968460.2857,958864.9643,997370.1534
2016-10-16 00:00:00+00:00,949929,975434,959633.7143,997331.5068
2016-10-17 00:00:00+00:00,897736,979855.5714,960715.9286,997260.3205
2016-10-18 00:00:00+00:00,954444,983609.1429,962176.0357,997578.8274
2016-10-19 00:00:00+00:00,1001270,987590.5714,964205.8571,997794.2493
2016-10-20 00:00:00+00:00,1096279,990712,965343.3929,998158.937
2016-10-21 00:00:00+00:00,1043388,992823.2857,966376.6786,998152.611
2016-10-22 00:00:00+00:00,1006793,992834.1429,968891.4286,998146.6685
2016-10-23 00:00:00+00:00,928399,989758.4286,969268.7143,998034.9808
2016-10-24 00:00:00+00:00,895864,989491,969704.1786,997990.5644
2016-10-25 00:00:00+00:00,953317,989330,970909.3571,998185.1425
2016-10-26 00:00:00+00:00,967284,984474.8571,971385.3929,998329.863
2016-10-27 00:00:00+00:00,1097439,984640.5714,972632.8571,998689.9096
2016-10-28 00:00:00+00:00,1020224,981331.4286,972887.1786,998605.211
2016-10-29 00:00:00+00:00,978890,977345.2857,973983.3929,998562.189
2016-10-30 00:00:00+00:00,978996,984573.4286,976626.7143,998639.9151
2016-10-31 00:00:00+00:00,907944,986299.1429,978236.5714,998696.1534
2016-11-01 00:00:00+00:00,950230,985858.1429,979153.8214,998883.1836
2016-11-02 00:00:00+00:00,969464,986169.5714,979050.4286,999039.9644
2016-11-03 00:00:00+00:00,1090135,985126.1429,980367.7857,999375.9342
2016-11-04 00:00:00+00:00,1061802,991065.8571,982342.75,999425.3753
2016-11-05 00:00:00+00:00,975383,990564.8571,982301.1429,999327.5014
2016-11-06 00:00:00+00:00,929813,983538.7143,983326.1429,999269.3288
2016-11-07 00:00:00+00:00,876835,979094.5714,983685.0714,999192.3205
2016-11-08 00:00:00+00:00,934049,976783,983895.0714,999346.1479
2016-11-09 00:00:00+00:00,966220,976319.5714,983638.6429,999474.3753
2016-11-10 00:00:00+00:00,1047417,970217,982673.9286,999746.7233
2016-11-11 00:00:00+00:00,1017201,963845.4286,982266.5,999536.0548
2016-11-12 00:00:00+00:00,942172,959101,979961.3214,999289.6384
2016-11-13 00:00:00+00:00,893570,953923.4286,977948.5,998992.6301
2016-11-14 00:00:00+00:00,864108,952105.2857,976747.5,998817.3397
2016-11-15 00:00:00+00:00,893592,946325.7143,974574.2143,998753.1123
2016-11-16 00:00:00+00:00,963343,945914.7143,973219.6786,998777.0356
2016-11-17 00:00:00+00:00,1057693,947382.7143,971841.6071,998980.5726
2016-11-18 00:00:00+00:00,1018745,947603.2857,970961.5,998774.5068
2016-11-19 00:00:00+00:00,975675,952389.4286,969850.1429,998613.2137
2016-11-20 00:00:00+00:00,920720,956268,969575.8929,998442.4356
2016-11-21 00:00:00+00:00,873582,957621.4286,968780.1071,998327.5945
2016-11-22 00:00:00+00:00,902014,958824.5714,966947.8571,998346.726
2016-11-23 00:00:00+00:00,976388,960688.1429,967273,998501.7425
2016-11-24 00:00:00+00:00,1062656,961397.1429,966030.75,998683.8795
2016-11-25 00:00:00+00:00,1013168,960600.4286,965778.75,998468.9836
2016-11-26 00:00:00+00:00,954713,957605.8571,964915.2857,998201.3342
2016-11-27 00:00:00+00:00,896024,954077.8571,961952,997993.6904
2016-11-28 00:00:00+00:00,883630,955513.2857,961083.6429,997799.4521
2016-11-29 00:00:00+00:00,896622,954743,959169.0714,997829.6027
2016-11-30 00:00:00+00:00,949367,950882.8571,958451.3214,997849.4685
2016-12-01 00:00:00+00:00,1028942,946066.5714,956265.8571,997936.4137
2016-12-02 00:00:00+00:00,1006118,945059.4286,954277.1429,997745.1699
2016-12-03 00:00:00+00:00,961304,946001,953774.3214,997570.0548
2016-12-04 00:00:00+00:00,913068,948435.8571,953176.2857,997396.6
2016-12-05 00:00:00+00:00,866902,946046.1429,952821.5357,997238.2301
2016-12-06 00:00:00+00:00,910232,947990.4286,951970.9286,997289.2356
2016-12-07 00:00:00+00:00,935457,946003.2857,950872.25,997247.6082
2016-12-08 00:00:00+00:00,1074765,952549.4286,951848.9643,997445.5781
2016-12-09 00:00:00+00:00,1034796,956646.2857,952477.3571,997454.8192
2016-12-10 00:00:00+00:00,1009002,963460.2857,954864.1429,997475.8493
2016-12-11 00:00:00+00:00,952202,969050.8571,956958.1429,997498.474
2016-12-12 00:00:00+00:00,881808,971180.2857,957590.2857,997424.0301
2016-12-13 00:00:00+00:00,944922,976136,959423.5,997696.4849
2016-12-14 00:00:00+00:00,974148,981663.2857,959809.3929,997863.4575
2016-12-15 00:00:00+00:00,1096763,984805.8571,961204.75,998182.8329
2016-12-16 00:00:00+00:00,1050654,987071.2857,962344.3571,998102.8548
2016-12-17 00:00:00+00:00,998740,985605.2857,963168.1071,998057.4822
2016-12-18 00:00:00+00:00,961733,986966.8571,964632.8571,998075.2192
2016-12-19 00:00:00+00:00,887084,987720.5714,965115.0714,998033.8658
2016-12-20 00:00:00+00:00,939582,986957.7143,966456.7857,998223.4137
2016-12-21 00:00:00+00:00,981130,987955.1429,966626.1429,998447.6603
2016-12-22 00:00:00+00:00,1087946,986695.5714,967529.3571,998738.7616
2016-12-23 00:00:00+00:00,1044039,985750.5714,968631.8929,998770.8384
2016-12-24 00:00:00+00:00,1008909,987203.2857,970567.4643,998724.0822
2016-12-25 00:00:00+00:00,951050,985677.1429,972532.6786,998728.7507
2016-12-26 00:00:00+00:00,899093,987392.7143,973084.9286,998672.7342
2016-12-27 00:00:00+00:00,951497,989094.8571,975044.75,998914.8521
2016-12-28 00:00:00+00:00,987851,990055,976419.1786,999134.9507
2016-12-29 00:00:00+00:00,1091276,990530.7143,978645.3929,999474.0493
2016-12-30 00:00:00+00:00,1031882,988794,979565.5357,999519.9288
2016-12-31 00:00:00+00:00,999399,987435.4286,980926.0714,999523.2822
2017-01-01 00:00:00+00:00,943092,986298.5714,981998.3571,999448.9315