uid,date,purchase,sku,price
32209877,2016-12-04 14:20:49+00:00,0,,
32209877,2016-12-05 22:17:12+00:00,0,,
32209877,2016-12-09 17:56:09+00:00,0,,
32209877,2016-12-13 03:07:08+00:00,0,,
32209877,2016-12-14 17:19:29+00:00,0,,
32209877,2016-12-16 09:20:11+00:00,0,,
32209877,2016-12-17 05:16:56+00:00,0,,
32209877,2016-12-24 13:42:15+00:00,0,,
32209877,2016-12-25 19:33:05+00:00,0,,
32209877,2016-12-26 09:41:05+00:00,0,,
32209877,2016-12-27 03:49:24+00:00,0,,
32209877,2016-12-30 10:25:48+00:00,0,,
32209877,2017-01-04 16:17:46+00:00,0,,
32209877,2017-01-05 12:03:35+00:00,0,,
32209877,2017-01-07 07:52:16+00:00,0,,
32209877,2017-01-11 22:12:42+00:00,0,,
32209877,2017-01-16 20:25:19+00:00,0,,
32209877,2017-01-17 18:28:31+00:00,0,,
32209877,2017-01-19 05:15:56+00:00,0,,
32209877,2017-01-25 04:09:56+00:00,0,,
32209877,2017-01-26 15:42:51+00:00,0,,
32209877,2017-01-28 16:01:08+00:00,0,,
32209877,2017-01-29 10:12:09+00:00,0,,
32209877,2017-02-01 07:09:16+00:00,0,,
32209877,2017-02-06 05:19:33+00:00,0,,
32209877,2017-02-11 05:49:44+00:00,0,,
32209877,2017-02-14 11:24:39+00:00,0,,
32209877,2017-02-19 01:06:56+00:00,0,,
32209877,2017-02-20 14:54:02+00:00,0,,
32209877,2017-02-25 18:10:25+00:00,0,,
32209877,2017-02-27 04:13:24+00:00,0,,
32209877,2017-02-28 00:05:32+00:00,0,,
32209877,2017-03-03 09:30:33+00:00,0,,
32209877,2017-03-09 01:53:51+00:00,1,sku_399,3.99
32209877,2017-03-10 01:46:07+00:00,0,,
32209877,2017-03-15 11:25:39+00:00,0,,
32209877,2017-03-15 16:15:07+00:00,0,,
32209877,2017-03-19 09:22:32+00:00,0,,
32209877,2017-03-21 16:49:52+00:00,0,,
32209877,2017-03-21 15:56:34+00:00,0,,
32209877,2017-03-22 10:23:51+00:00,0,,
32209877,2017-03-24 13:26:25+00:00,0,,
32209877,2017-03-25 21:26:49+00:00,0,,
32209877,2017-04-06 16:46:19+00:00,0,,
32209877,2017-04-06 00:13:17+00:00,0,,
32209877,2017-04-07 18:35:11+00:00,0,,
32209877,2017-04-08 22:44:28+00:00,0,,
32209877,2017-04-10 05:31:48+00:00,0,,
32209877,2017-04-13 20:45:38+00:00,0,,
32209877,2017-04-22 16:25:39+00:00,0,,
32209877,2017-04-23 17:46:00+00:00,0,,
32209877,2017-04-25 17:07:03+00:00,0,,
32209877,2017-04-26 06:54:39+00:00,0,,
32209877,2017-04-27 21:57:20+00:00,0,,
32209877,2017-04-27 00:14:47+00:00,0,,
32209877,2017-04-30 09:42:02+00:00,0,,
32209877,2017-05-05 01:40:10+00:00,0,,
32209877,2017-05-13 10:43:04+00:00,0,,
32209877,2017-05-15 00:58:22+00:00,0,,
32209877,2017-05-18 19:02:32+00:00,0,,
32209877,2017-05-23 00:44:56+00:00,0,,
32209877,2017-05-27 22:10:05+00:00,0,,
32209877,2017-05-29 19:55:39+00:00,0,,
32209877,2017-06-04 07:43:08+00:00,0,,
32209877,2017-06-05 12:49:34+00:00,0,,
32209877,2017-06-06 10:36:47+00:00,0,,
32209877,2017-06-07 09:31:24+00:00,0,,
32209877,2017-06-13 03:48:09+00:00,0,,
32209877,2017-06-16 18:25:37+00:00,0,,
32209877,2017-06-17 20:40:32+00:00,0,,
32209877,2017-06-18 14:45:28+00:00,0,,
32209877,2017-06-21 17:07:16+00:00,0,,
32209877,2017-06-24 07:59:34+00:00,0,,
32209877,2017-06-26 14:41:52+00:00,0,,
32209877,2017-07-03 04:28:10+00:00,0,,
32209877,2017-07-05 02:33:46+00:00,0,,
32209877,2017-07-08 11:24:52+00:00,0,,
32209877,2017-07-10 05:37:28+00:00,0,,
32209877,2017-07-14 04:57:08+00:00,1,sku_599,5.99
32209877,2017-07-20 18:29:13+00:00,0,,
32209877,2017-07-22 19:08:22+00:00,0,,
32209877,2017-07-25 02:06:47+00:00,0,,
32209877,2017-07-30 18:51:18+00:00,0,,
32209877,2017-08-05 16:37:03+00:00,0,,
32209877,2017-08-06 10:47:53+00:00,0,,
32209877,2017-08-08 13:35:05+00:00,0,,
32209877,2017-08-12 03:26:58+00:00,0,,
32209877,2017-08-16 04:41:46+00:00,0,,
32209877,2017-08-19 03:02:09+00:00,0,,
32209877,2017-08-23 21:05:31+00:00,0,,
32209877,2017-08-24 14:32:33+00:00,0,,
32209877,2017-08-25 03:04:16+00:00,0,,
32209877,2017-08-28 01:33:38+00:00,0,,
32209877,2017-09-02 17:35:52+00:00,0,,
32209877,2017-09-07 08:10:02+00:00,0,,
32209877,2017-09-10 12:20:52+00:00,0,,
32209877,2017-09-13 22:29:26+00:00,0,,
32209877,2017-09-22 01:09:21+00:00,0,,
32209877,2017-09-23 07:21:38+00:00,0,,
32209877,2017-09-24 17:55:24+00:00,0,,
32209877,2017-09-25 04:49:07+00:00,0,,
32209877,2017-09-26 09:56:14+00:00,0,,
32209877,2017-09-30 17:19:31+00:00,0,,
32209877,2017-10-09 02:21:28+00:00,0,,
32209877,2017-10-10 14:07:28+00:00,0,,
32209877,2017-10-10 16:36:10+00:00,0,,
32209877,2017-10-13 13:54:26+00:00,0,,
32209877,2017-10-14 04:54:39+00:00,0,,
32209877,2017-10-16 19:40:50+00:00,0,,
32209877,2017-10-16 04:39:55+00:00,1,sku_599,5.99
32209877,2017-10-19 21:02:11+00:00,0,,
32209877,2017-10-20 06:36:47+00:00,0,,
32209877,2017-10-21 02:57:07+00:00,0,,
32209877,2017-10-26 17:47:42+00:00,0,,
32209877,2017-10-26 21:21:02+00:00,0,,
32209877,2017-10-29 10:09:58+00:00,0,,
32209877,2017-11-03 23:45:06+00:00,0,,
32209877,2017-11-11 09:42:42+00:00,0,,
32209877,2017-11-14 11:05:08+00:00,0,,
32209877,2017-11-16 10:58:50+00:00,0,,
32209877,2017-11-21 05:57:56+00:00,0,,
32209877,2017-11-27 22:54:17+00:00,0,,
32209877,2017-11-28 02:02:37+00:00,0,,
32209877,2017-12-02 14:33:42+00:00,0,,
32209877,2017-12-03 15:19:02+00:00,0,,
32209877,2017-12-05 14:59:57+00:00,0,,
32209877,2017-12-06 05:33:10+00:00,0,,
32209877,2017-12-07 18:22:17+00:00,0,,
32209877,2017-12-11 04:08:45+00:00,0,,
32209877,2017-12-16 06:38:17+00:00,0,,
32209877,2017-12-19 09:35:39+00:00,0,,
32209877,2017-12-21 09:31:56+00:00,0,,
32209877,2017-12-22 01:13:05+00:00,0,,
32209877,2017-12-23 20:02:57+00:00,0,,
32209877,2017-12-27 17:13:09+00:00,0,,
32209877,2017-12-28 09:03:22+00:00,0,,
32209877,2018-01-03 01:41:48+00:00,0,,
32209877,2018-01-04 13:55:26+00:00,0,,
32209877,2018-01-05 05:06:37+00:00,0,,
32209877,2018-01-07 23:53:44+00:00,0,,
32209877,2018-01-08 22:58:42+00:00,0,,
32209877,2018-01-09 20:58:48+00:00,0,,
32209877,2018-01-11 13:49:29+00:00,0,,
32209877,2018-01-12 01:52:22+00:00,0,,
32209877,2018-01-13 09:47:15+00:00,0,,
32209877,2018-01-15 04:19:10+00:00,1,sku_399,3.99
32209877,2018-01-18 19:23:45+00:00,0,,
32209877,2018-01-19 02:14:41+00:00,0,,
32209877,2018-01-22 22:06:25+00:00,0,,
32209877,2018-01-24 23:49:26+00:00,1,sku_599,5.99
32209877,2018-01-24 07:03:20+00:00,0,,
32209877,2018-01-26 07:38:29+00:00,0,,
32209877,2018-01-27 22:24:20+00:00,0,,
32209877,2018-01-28 22:15:44+00:00,0,,
32209877,2018-02-02 19:17:48+00:00,0,,
32209877,2018-02-11 18:34:03+00:00,0,,
32209877,2018-02-18 05:56:27+00:00,0,,
32209877,2018-02-22 20:51:22+00:00,0,,
32209877,2018-03-12 02:37:29+00:00,0,,
32209877,2018-03-13 03:14:13+00:00,0,,
32209877,2018-03-14 22:04:59+00:00,0,,
88105762,2015-09-22 20:23:22+00:00,0,,
88105762,2015-09-25 15:03:22+00:00,0,,
88105762,2015-09-29 21:25:14+00:00,0,,
88105762,2015-10-04 16:22:17+00:00,0,,
88105762,2015-10-09 02:33:20+00:00,0,,
88105762,2015-10-09 07:45:32+00:00,0,,
88105762,2015-10-11 11:52:16+00:00,0,,
88105762,2015-10-14 09:34:24+00:00,0,,
88105762,2015-10-15 01:55:44+00:00,0,,
88105762,2015-10-18 08:22:36+00:00,0,,
88105762,2015-10-19 23:46:35+00:00,0,,
88105762,2015-10-21 11:13:06+00:00,0,,
88105762,2015-10-22 12:14:02+00:00,0,,
88105762,2015-10-22 22:09:11+00:00,0,,
88105762,2015-10-24 10:57:02+00:00,0,,
88105762,2015-10-25 20:36:11+00:00,0,,
88105762,2015-11-01 19:24:56+00:00,0,,
88105762,2015-11-02 18:28:32+00:00,0,,
88105762,2015-11-06 11:45:56+00:00,0,,
88105762,2015-11-07 06:20:53+00:00,0,,
88105762,2015-11-09 09:14:44+00:00,0,,
88105762,2015-11-09 21:42:36+00:00,0,,
88105762,2015-11-10 21:09:13+00:00,0,,
88105762,2015-11-15 03:25:28+00:00,0,,
88105762,2015-11-16 15:07:33+00:00,0,,
88105762,2015-11-18 09:02:45+00:00,0,,
88105762,2015-11-26 02:39:33+00:00,0,,
88105762,2015-11-28 10:19:37+00:00,0,,
88105762,2015-12-01 16:52:35+00:00,0,,
88105762,2015-12-05 18:24:35+00:00,0,,
88105762,2015-12-06 16:53:54+00:00,0,,
88105762,2015-12-06 20:52:11+00:00,0,,
88105762,2015-12-09 01:58:15+00:00,0,,
88105762,2015-12-10 11:09:41+00:00,0,,
88105762,2015-12-13 08:48:53+00:00,0,,
88105762,2015-12-16 08:56:54+00:00,0,,
88105762,2015-12-18 16:16:03+00:00,0,,
88105762,2015-12-19 09:33:44+00:00,0,,
88105762,2015-12-22 12:29:52+00:00,0,,
88105762,2015-12-27 05:43:08+00:00,0,,
88105762,2015-12-29 07:18:43+00:00,0,,
88105762,2015-12-30 22:30:57+00:00,0,,
88105762,2016-01-02 07:58:38+00:00,0,,
88105762,2016-01-04 04:41:09+00:00,0,,
88105762,2016-01-08 16:02:20+00:00,0,,
88105762,2016-01-09 22:19:53+00:00,0,,
88105762,2016-01-12 08:51:37+00:00,0,,
88105762,2016-01-14 09:27:10+00:00,0,,
88105762,2016-01-17 08:45:32+00:00,0,,
88105762,2016-01-19 03:02:13+00:00,0,,
88105762,2016-01-19 00:40:39+00:00,0,,
88105762,2016-01-20 16:41:40+00:00,0,,
88105762,2016-01-21 12:35:46+00:00,0,,
88105762,2016-01-23 07:48:38+00:00,0,,
88105762,2016-01-24 06:21:03+00:00,0,,
88105762,2016-01-29 15:02:39+00:00,0,,
88105762,2016-02-03 17:48:43+00:00,0,,
88105762,2016-02-08 17:06:34+00:00,0,,
88105762,2016-02-12 05:48:16+00:00,0,,
88105762,2016-02-26 03:40:57+00:00,0,,
88105762,2016-02-28 15:07:45+00:00,0,,
88105762,2016-02-29 12:38:43+00:00,0,,
88105762,2016-03-04 01:15:20+00:00,0,,
88105762,2016-03-09 22:41:01+00:00,0,,
88105762,2016-03-11 10:41:24+00:00,0,,
88105762,2016-03-17 08:33:46+00:00,0,,
88105762,2016-03-23 16:25:46+00:00,0,,
88105762,2016-03-24 07:20:59+00:00,0,,
88105762,2016-03-24 11:09:31+00:00,0,,
88105762,2016-03-25 02:47:18+00:00,0,,
88105762,2016-03-27 12:27:18+00:00,0,,
88105762,2016-03-27 11:12:28+00:00,0,,
88105762,2016-03-28 17:02:59+00:00,0,,
88105762,2016-04-01 16:56:14+00:00,0,,
88105762,2016-04-05 17:07:32+00:00,1,sku_399,3.99
88105762,2016-04-06 09:27:11+00:00,0,,
88105762,2016-04-22 01:48:24+00:00,0,,
88105762,2016-04-24 02:52:37+00:00,1,sku_399,3.99
88105762,2016-04-26 09:29:39+00:00,0,,
88105762,2016-05-03 13:03:22+00:00,0,,
88105762,2016-05-05 19:22:58+00:00,0,,
88105762,2016-05-08 13:10:16+00:00,0,,
88105762,2016-05-10 13:49:19+00:00,0,,
88105762,2016-05-17 03:54:31+00:00,0,,
88105762,2016-05-19 02:01:19+00:00,0,,
88105762,2016-05-22 18:51:16+00:00,0,,
88105762,2016-05-23 07:22:42+00:00,0,,
88105762,2016-05-25 04:33:54+00:00,0,,
88105762,2016-05-26 23:50:36+00:00,0,,
88105762,2016-05-28 22:16:54+00:00,0,,
88105762,2016-05-31 16:50:15+00:00,0,,
88105762,2016-06-10 10:33:41+00:00,0,,
88105762,2016-06-12 17:21:46+00:00,0,,
88105762,2016-06-15 06:42:51+00:00,0,,
88105762,2016-06-16 15:38:38+00:00,0,,
88105762,2016-06-18 23:34:47+00:00,0,,
88105762,2016-06-19 22:29:39+00:00,0,,
88105762,2016-06-26 10:02:01+00:00,0,,
88105762,2016-06-28 03:48:49+00:00,0,,
88105762,2016-06-29 03:39:14+00:00,0,,
88105762,2016-06-30 10:37:56+00:00,0,,
88105762,2016-07-02 03:19:09+00:00,0,,
88105762,2016-07-08 07:44:20+00:00,0,,
88105762,2016-07-12 04:39:32+00:00,0,,
88105762,2016-07-16 17:57:05+00:00,0,,
88105762,2016-07-17 01:31:04+00:00,0,,
88105762,2016-07-27 13:00:36+00:00,0,,
88105762,2016-07-31 07:54:31+00:00,0,,
88105762,2016-08-06 12:49:02+00:00,0,,
88105762,2016-08-08 04:25:29+00:00,0,,
88105762,2016-08-08 19:03:53+00:00,0,,
88105762,2016-08-10 07:33:05+00:00,0,,
88105762,2016-08-17 16:37:08+00:00,0,,
88105762,2016-08-17 12:25:45+00:00,0,,
88105762,2016-08-19 02:31:40+00:00,1,sku_599,5.99
88105762,2016-08-21 11:09:01+00:00,0,,
88105762,2016-08-28 11:24:50+00:00,0,,
88105762,2016-08-30 04:26:10+00:00,0,,
88105762,2016-09-09 07:45:48+00:00,0,,
88105762,2016-09-12 13:36:54+00:00,0,,
88105762,2016-09-14 19:36:16+00:00,0,,
88105762,2016-09-15 11:53:14+00:00,0,,
88105762,2016-09-18 10:22:28+00:00,0,,
88105762,2016-09-19 22:22:29+00:00,0,,
88105762,2016-09-19 01:45:11+00:00,0,,
88105762,2016-09-20 12:29:32+00:00,0,,
88105762,2016-09-20 15:22:26+00:00,0,,
88105762,2016-09-21 17:52:31+00:00,0,,
88105762,2016-09-23 22:59:19+00:00,0,,
88105762,2016-10-07 13:45:47+00:00,0,,
88105762,2016-10-10 09:20:16+00:00,0,,
88105762,2016-10-12 11:11:49+00:00,0,,
88105762,2016-10-20 12:28:53+00:00,0,,
88105762,2016-10-20 07:04:29+00:00,0,,
88105762,2016-10-31 22:00:19+00:00,0,,
88105762,2016-11-03 07:06:26+00:00,0,,
88105762,2016-11-06 02:34:52+00:00,0,,
88105762,2016-11-08 09:23:15+00:00,0,,
88105762,2016-11-13 05:46:38+00:00,0,,
88105762,2016-11-18 05:14:07+00:00,0,,
88105762,2016-11-27 03:17:58+00:00,0,,
88105762,2016-11-28 22:56:46+00:00,0,,
88105762,2016-12-03 23:52:31+00:00,0,,
88105762,2016-12-11 14:46:15+00:00,0,,
88105762,2016-12-15 06:46:07+00:00,0,,
88105762,2016-12-15 20:29:28+00:00,0,,
88105762,2016-12-19 18:55:37+00:00,0,,
88105762,2016-12-23 08:00:23+00:00,0,,
88105762,2016-12-28 12:25:44+00:00,0,,
88105762,2017-01-03 09:01:31+00:00,0,,
88105762,2017-01-04 02:15:51+00:00,0,,
88105762,2017-01-08 01:52:37+00:00,0,,
88105762,2017-01-10 17:17:05+00:00,0,,
88105762,2017-01-11 14:30:47+00:00,0,,
88105762,2017-01-12 16:56:26+00:00,0,,
88105762,2017-01-18 05:58:59+00:00,0,,
88105762,2017-01-18 01:14:35+00:00,0,,
88105762,2017-01-29 19:16:41+00:00,1,sku_399,3.99
88105762,2017-02-02 11:35:19+00:00,0,,
88105762,2017-02-09 22:21:12+00:00,0,,
88105762,2017-02-10 10:43:39+00:00,0,,
88105762,2017-02-11 00:50:49+00:00,0,,
88105762,2017-02-12 03:10:44+00:00,0,,
88105762,2017-02-26 03:07:53+00:00,0,,
88105762,2017-02-27 07:43:11+00:00,0,,
88105762,2017-03-01 01:33:03+00:00,0,,
88105762,2017-03-02 03:34:37+00:00,0,,
88105762,2017-03-04 14:13:45+00:00,0,,
88105762,2017-03-06 21:28:28+00:00,0,,
88105762,2017-03-09 17:10:52+00:00,0,,
88105762,2017-03-09 02:13:26+00:00,0,,
88105762,2017-03-12 18:21:15+00:00,1,sku_399,3.99
88105762,2017-03-15 01:56:06+00:00,0,,
88105762,2017-03-19 21:26:20+00:00,0,,
88105762,2017-03-22 10:33:36+00:00,0,,
88105762,2017-03-31 10:58:25+00:00,0,,
88105762,2017-04-01 20:42:18+00:00,0,,
88105762,2017-04-03 23:10:25+00:00,0,,
88105762,2017-04-04 12:09:38+00:00,0,,
88105762,2017-04-05 12:29:22+00:00,0,,
88105762,2017-04-06 05:41:15+00:00,0,,
88105762,2017-04-07 11:27:17+00:00,1,sku_599,5.99
88105762,2017-04-09 15:49:57+00:00,0,,
88105762,2017-04-12 06:46:49+00:00,0,,
88105762,2017-04-13 03:24:35+00:00,0,,
88105762,2017-04-14 06:43:55+00:00,0,,
88105762,2017-04-20 13:28:25+00:00,0,,
88105762,2017-04-21 07:46:43+00:00,0,,
88105762,2017-04-21 16:33:15+00:00,0,,
88105762,2017-04-25 02:14:29+00:00,0,,
88105762,2017-04-27 04:18:32+00:00,0,,
88105762,2017-05-02 14:37:38+00:00,0,,
88105762,2017-05-04 17:24:56+00:00,0,,
88105762,2017-05-17 22:24:01+00:00,0,,
88105762,2017-05-18 03:52:18+00:00,1,sku_599,5.99
88105762,2017-05-28 07:53:42+00:00,0,,
88105762,2017-06-01 01:20:25+00:00,0,,
88105762,2017-06-03 11:20:57+00:00,0,,
88105762,2017-06-08 06:50:04+00:00,0,,
88105762,2017-07-08 06:13:30+00:00,0,,
88105762,2017-07-15 11:14:15+00:00,0,,
88105762,2017-07-16 14:10:31+00:00,0,,
88105762,2017-07-17 17:36:27+00:00,0,,
88105762,2017-07-18 05:01:46+00:00,0,,
88105762,2017-07-26 21:44:03+00:00,0,,
88105762,2017-07-26 22:28:31+00:00,0,,
88105762,2017-07-29 17:05:49+00:00,1,sku_399,3.99
88105762,2017-08-05 17:32:58+00:00,0,,
88105762,2017-08-10 11:22:40+00:00,0,,
88105762,2017-08-19 12:03:38+00:00,1,sku_999,9.99
88105762,2017-08-21 20:57:56+00:00,0,,
88105762,2017-08-22 02:09:08+00:00,0,,
88105762,2017-08-24 18:27:40+00:00,0,,
88105762,2017-08-26 19:35:34+00:00,0,,
88105762,2017-09-02 18:16:34+00:00,0,,
88105762,2017-09-02 15:17:06+00:00,0,,
88105762,2017-09-03 01:48:21+00:00,0,,
88105762,2017-09-04 03:11:07+00:00,0,,
88105762,2017-09-04 01:59:07+00:00,0,,
88105762,2017-09-07 22:49:18+00:00,1,sku_399,3.99
88105762,2017-09-09 12:43:11+00:00,0,,
88105762,2017-09-15 09:40:30+00:00,0,,
88105762,2017-09-20 14:20:40+00:00,1,sku_399,3.99
88105762,2017-10-04 20:45:53+00:00,0,,
88105762,2017-10-08 21:26:44+00:00,0,,
88105762,2017-10-14 15:57:27+00:00,0,,
88105762,2017-10-15 05:02:10+00:00,0,,
88105762,2017-10-16 12:45:50+00:00,0,,
88105762,2017-10-21 02:22:51+00:00,0,,
88105762,2017-10-26 08:18:28+00:00,0,,
88105762,2017-10-31 15:48:53+00:00,0,,
88105762,2017-11-01 11:30:58+00:00,0,,
88105762,2017-11-05 13:19:32+00:00,0,,
88105762,2017-11-10 10:08:15+00:00,0,,
88105762,2017-11-20 08:21:22+00:00,0,,
88105762,2017-11-25 14:16:55+00:00,0,,
88105762,2017-11-26 16:37:39+00:00,0,,
88105762,2017-11-28 12:38:34+00:00,0,,
88105762,2017-12-03 07:29:33+00:00,0,,
88105762,2017-12-06 00:08:09+00:00,0,,
88105762,2017-12-08 09:16:31+00:00,0,,
88105762,2017-12-12 14:08:09+00:00,0,,
88105762,2017-12-13 10:13:41+00:00,0,,
88105762,2017-12-14 04:07:32+00:00,0,,
88105762,2017-12-15 22:28:28+00:00,0,,
88105762,2017-12-17 18:53:12+00:00,0,,
88105762,2017-12-18 22:56:32+00:00,0,,
88105762,2017-12-19 22:09:52+00:00,0,,
88105762,2017-12-23 06:22:52+00:00,0,,
88105762,2017-12-24 17:26:30+00:00,0,,
88105762,2017-12-25 01:38:58+00:00,0,,
88105762,2017-12-29 19:11:04+00:00,0,,
88105762,2018-01-01 06:54:14+00:00,0,,
88105762,2018-01-07 08:19:01+00:00,0,,
88105762,2018-01-08 17:34:57+00:00,0,,
88105762,2018-01-13 16:19:10+00:00,0,,
88105762,2018-01-15 11:58:04+00:00,0,,
88105762,2018-01-16 18:04:24+00:00,0,,
88105762,2018-01-17 14:52:20+00:00,0,,
88105762,2018-01-18 20:52:24+00:00,1,sku_399,3.99
88105762,2018-01-19 12:55:16+00:00,0,,
88105762,2018-01-19 06:39:45+00:00,0,,
88105762,2018-01-29 20:11:54+00:00,0,,
88105762,2018-01-31 19:32:29+00:00,0,,
88105762,2018-02-03 21:05:56+00:00,0,,
88105762,2018-02-07 03:04:03+00:00,0,,
88105762,2018-02-08 13:34:37+00:00,0,,
88105762,2018-02-10 10:38:44+00:00,0,,
88105762,2018-02-11 18:18:23+00:00,0,,
88105762,2018-02-18 20:53:05+00:00,0,,
88105762,2018-02-22 09:58:27+00:00,0,,
88105762,2018-02-24 06:30:51+00:00,0,,
88105762,2018-02-24 22:24:05+00:00,0,,
88105762,2018-02-28 22:04:30+00:00,0,,
88105762,2018-03-01 06:13:42+00:00,0,,
88105762,2018-03-05 22:34:57+00:00,0,,
88105762,2018-03-10 05:10:55+00:00,0,,
88105762,2018-03-15 04:10:45+00:00,0,,
72843744,2016-08-24 14:18:15+00:00,0,,
72843744,2016-08-27 22:56:09+00:00,0,,
72843744,2016-09-02 19:15:12+00:00,0,,
72843744,2016-09-05 05:16:44+00:00,0,,
72843744,2016-09-07 19:33:05+00:00,0,,
72843744,2016-09-13 20:46:01+00:00,1,sku_399,3.99
72843744,2016-09-18 09:58:21+00:00,0,,
72843744,2016-09-23 08:46:58+00:00,0,,
72843744,2016-09-30 21:21:09+00:00,0,,
72843744,2016-10-03 21:53:01+00:00,1,sku_399,3.99
72843744,2016-10-05 04:05:56+00:00,0,,
72843744,2016-10-07 22:47:20+00:00,0,,
72843744,2016-10-11 09:13:38+00:00,0,,
72843744,2016-10-14 04:58:44+00:00,0,,
72843744,2016-10-27 03:44:28+00:00,0,,
72843744,2016-10-28 17:33:24+00:00,0,,
72843744,2016-10-29 19:37:42+00:00,0,,
72843744,2016-11-01 02:20:55+00:00,0,,
72843744,2016-11-06 18:49:51+00:00,0,,
72843744,2016-11-08 15:57:53+00:00,0,,
72843744,2016-11-15 16:27:51+00:00,0,,
72843744,2016-11-21 13:47:19+00:00,0,,
72843744,2016-11-23 21:25:03+00:00,1,sku_399,3.99
72843744,2016-11-26 19:24:02+00:00,0,,
72843744,2016-12-03 08:31:15+00:00,0,,
72843744,2016-12-05 21:08:45+00:00,0,,
72843744,2016-12-12 08:03:48+00:00,0,,
72843744,2016-12-17 20:25:17+00:00,0,,
72843744,2016-12-28 09:02:24+00:00,0,,
72843744,2017-01-03 11:46:11+00:00,0,,
72843744,2017-01-04 17:22:43+00:00,0,,
72843744,2017-01-07 12:14:32+00:00,0,,
72843744,2017-01-09 06:43:44+00:00,0,,
72843744,2017-01-11 08:36:06+00:00,0,,
72843744,2017-01-12 10:44:12+00:00,0,,
72843744,2017-01-14 18:14:10+00:00,0,,
72843744,2017-01-15 11:25:03+00:00,0,,
72843744,2017-01-27 10:51:55+00:00,0,,
72843744,2017-01-29 11:07:50+00:00,1,sku_399,3.99
72843744,2017-02-02 13:02:47+00:00,0,,
72843744,2017-02-04 07:57:50+00:00,0,,
72843744,2017-02-09 17:30:36+00:00,0,,
72843744,2017-02-11 10:32:04+00:00,0,,
72843744,2017-02-17 19:04:25+00:00,1,sku_399,3.99
72843744,2017-02-17 10:49:51+00:00,0,,
72843744,2017-02-21 16:42:50+00:00,0,,
72843744,2017-02-22 07:39:12+00:00,0,,
72843744,2017-02-27 03:01:10+00:00,0,,
72843744,2017-03-03 01:42:02+00:00,0,,
72843744,2017-03-07 06:06:46+00:00,0,,
72843744,2017-03-10 14:18:45+00:00,0,,
72843744,2017-03-13 19:46:46+00:00,0,,
72843744,2017-03-15 10:31:44+00:00,0,,
72843744,2017-03-16 15:07:46+00:00,0,,
72843744,2017-03-17 07:29:54+00:00,0,,
72843744,2017-03-17 19:18:47+00:00,0,,
72843744,2017-03-23 08:39:35+00:00,0,,
72843744,2017-03-24 22:56:42+00:00,0,,
72843744,2017-03-25 23:19:28+00:00,0,,
72843744,2017-03-26 17:24:59+00:00,0,,
72843744,2017-03-31 19:33:07+00:00,0,,
72843744,2017-04-04 07:40:57+00:00,0,,
72843744,2017-04-06 12:17:20+00:00,0,,
72843744,2017-04-08 06:36:22+00:00,0,,
72843744,2017-04-12 19:56:08+00:00,0,,
72843744,2017-04-13 10:54:14+00:00,0,,
72843744,2017-04-14 21:14:12+00:00,0,,
72843744,2017-04-18 07:19:10+00:00,0,,
72843744,2017-04-23 17:18:28+00:00,0,,
72843744,2017-04-25 12:46:00+00:00,0,,
72843744,2017-04-27 18:33:50+00:00,0,,
72843744,2017-05-01 14:22:35+00:00,0,,
72843744,2017-05-03 10:41:28+00:00,0,,
72843744,2017-05-05 22:08:58+00:00,0,,
72843744,2017-05-09 13:33:45+00:00,0,,
72843744,2017-05-12 21:17:06+00:00,0,,
72843744,2017-05-13 04:40:47+00:00,0,,
72843744,2017-05-23 15:07:30+00:00,0,,
72843744,2017-06-02 00:49:23+00:00,0,,
72843744,2017-06-05 12:51:02+00:00,0,,
72843744,2017-06-13 10:51:06+00:00,0,,
72843744,2017-06-14 07:43:59+00:00,0,,
72843744,2017-06-16 20:02:44+00:00,0,,
72843744,2017-06-21 12:25:51+00:00,0,,
72843744,2017-06-25 11:41:54+00:00,0,,
72843744,2017-06-28 19:09:05+00:00,0,,
72843744,2017-06-30 02:12:43+00:00,0,,
72843744,2017-07-03 07:55:11+00:00,0,,
72843744,2017-07-05 07:47:12+00:00,0,,
72843744,2017-07-09 20:36:28+00:00,0,,
72843744,2017-07-10 22:56:28+00:00,0,,
72843744,2017-07-14 18:56:33+00:00,0,,
72843744,2017-07-17 14:07:47+00:00,0,,
72843744,2017-07-18 22:36:06+00:00,0,,
72843744,2017-07-19 15:52:05+00:00,0,,
72843744,2017-07-19 19:44:20+00:00,0,,
72843744,2017-07-27 13:10:47+00:00,0,,
72843744,2017-07-28 10:35:25+00:00,0,,
72843744,2017-08-01 06:14:20+00:00,0,,
72843744,2017-08-05 03:38:54+00:00,0,,
72843744,2017-08-07 08:22:11+00:00,0,,
72843744,2017-08-12 02:03:51+00:00,0,,
72843744,2017-08-14 15:11:19+00:00,0,,
72843744,2017-08-16 09:10:18+00:00,0,,
72843744,2017-08-17 18:52:49+00:00,0,,
72843744,2017-09-17 23:28:25+00:00,0,,
72843744,2017-09-21 15:16:38+00:00,1,sku_399,3.99
72843744,2017-09-23 14:56:55+00:00,0,,
72843744,2017-09-24 08:04:09+00:00,0,,
72843744,2017-09-27 10:50:38+00:00,0,,
72843744,2017-09-30 21:30:48+00:00,0,,
72843744,2017-10-02 11:09:26+00:00,0,,
72843744,2017-10-06 01:09:38+00:00,0,,
72843744,2017-10-09 10:14:16+00:00,0,,
72843744,2017-10-12 14:18:01+00:00,1,sku_999,9.99
72843744,2017-10-16 01:56:09+00:00,0,,
72843744,2017-10-23 05:08:28+00:00,0,,
72843744,2017-10-27 22:36:31+00:00,0,,
72843744,2017-10-31 08:55:19+00:00,1,sku_399,3.99
72843744,2017-11-01 15:20:05+00:00,0,,
72843744,2017-11-02 04:43:28+00:00,0,,
72843744,2017-11-02 01:28:56+00:00,0,,
72843744,2017-11-09 19:32:30+00:00,0,,
72843744,2017-11-13 23:39:12+00:00,0,,
72843744,2017-11-14 16:53:07+00:00,0,,
72843744,2017-11-15 05:56:22+00:00,0,,
72843744,2017-11-18 02:37:31+00:00,0,,
72843744,2017-11-20 03:45:05+00:00,0,,
72843744,2017-11-21 05:33:11+00:00,0,,
72843744,2017-11-23 06:26:51+00:00,0,,
72843744,2017-11-29 17:08:26+00:00,0,,
72843744,2017-11-30 22:17:21+00:00,0,,
72843744,2017-12-01 18:46:18+00:00,0,,
72843744,2017-12-05 06:50:50+00:00,0,,
72843744,2017-12-07 15:39:34+00:00,0,,
72843744,2017-12-09 14:59:44+00:00,0,,
72843744,2017-12-11 23:15:23+00:00,0,,
72843744,2017-12-12 21:17:11+00:00,0,,
72843744,2017-12-16 19:56:51+00:00,0,,
72843744,2017-12-18 11:29:40+00:00,0,,
72843744,2017-12-20 15:27:39+00:00,0,,
72843744,2017-12-25 11:42:05+00:00,0,,
72843744,2017-12-26 10:06:59+00:00,0,,
72843744,2017-12-29 20:29:06+00:00,0,,
72843744,2018-01-03 15:54:29+00:00,0,,
72843744,2018-01-05 20:21:47+00:00,0,,
72843744,2018-01-11 18:38:34+00:00,0,,
72843744,2018-01-12 04:16:26+00:00,0,,
72843744,2018-01-12 09:36:18+00:00,1,sku_399,3.99
72843744,2018-01-16 20:52:54+00:00,0,,
72843744,2018-01-25 21:48:05+00:00,0,,
72843744,2018-01-29 15:26:47+00:00,0,,
72843744,2018-01-31 04:03:14+00:00,0,,
72843744,2018-02-04 11:02:41+00:00,0,,
72843744,2018-02-08 23:53:57+00:00,0,,
72843744,2018-02-09 12:21:55+00:00,0,,
72843744,2018-02-10 21:45:10+00:00,0,,
72843744,2018-02-11 09:44:26+00:00,0,,
72843744,2018-02-13 08:14:42+00:00,0,,
72843744,2018-02-16 19:01:51+00:00,0,,
72843744,2018-02-17 03:11:35+00:00,0,,
72843744,2018-02-24 01:11:29+00:00,0,,
72843744,2018-02-27 06:07:59+00:00,0,,
72843744,2018-02-28 16:54:43+00:00,0,,
72843744,2018-03-08 11:52:54+00:00,0,,
72843744,2018-03-09 06:44:20+00:00,0,,
72843744,2018-03-14 22:19:06+00:00,0,,
72843744,2018-03-17 19:56:47+00:00,0,,
80354307,2018-01-30 13:07:24+00:00,0,,
80354307,2018-01-31 03:57:20+00:00,0,,
80354307,2018-02-02 14:07:57+00:00,0,,
80354307,2018-02-10 11:05:41+00:00,0,,
80354307,2018-02-12 05:05:34+00:00,0,,
80354307,2018-02-13 04:30:20+00:00,0,,
80354307,2018-02-22 09:56:14+00:00,0,,
80354307,2018-03-04 16:22:06+00:00,1,sku_599,5.99
80354307,2018-03-06 08:41:43+00:00,0,,
80354307,2018-03-07 05:28:02+00:00,0,,
40856004,2018-01-19 14:21:20+00:00,0,,
40856004,2018-01-28 22:44:50+00:00,0,,
40856004,2018-01-31 05:01:03+00:00,0,,
40856004,2018-02-15 13:09:33+00:00,0,,
40856004,2018-02-20 10:31:57+00:00,0,,
40856004,2018-02-22 10:45:22+00:00,0,,
40856004,2018-02-22 09:24:31+00:00,0,,
40856004,2018-02-25 12:46:18+00:00,0,,
40856004,2018-02-26 16:14:47+00:00,0,,
40856004,2018-03-02 08:03:44+00:00,0,,
40856004,2018-03-02 08:52:47+00:00,0,,
40856004,2018-03-05 08:20:08+00:00,0,,
40856004,2018-03-06 12:50:25+00:00,0,,
40856004,2018-03-06 12:43:21+00:00,0,,
40856004,2018-03-13 21:34:10+00:00,0,,
40856004,2018-03-14 22:01:39+00:00,0,,
90379633,2016-12-31 20:31:45+00:00,0,,
90379633,2017-01-01 07:24:18+00:00,0,,
90379633,2017-01-03 04:10:07+00:00,0,,
90379633,2017-01-05 01:09:17+00:00,0,,
90379633,2017-01-11 23:49:49+00:00,0,,
90379633,2017-01-13 11:39:40+00:00,0,,
90379633,2017-01-15 19:51:19+00:00,0,,
90379633,2017-01-18 15:57:10+00:00,0,,
90379633,2017-01-24 15:25:33+00:00,0,,
90379633,2017-01-27 00:23:48+00:00,0,,
90379633,2017-01-30 09:08:43+00:00,0,,
90379633,2017-02-01 18:30:07+00:00,1,sku_999,9.99
90379633,2017-02-02 07:33:38+00:00,0,,
90379633,2017-02-07 04:54:38+00:00,0,,
90379633,2017-02-08 08:40:03+00:00,0,,
90379633,2017-02-09 21:33:37+00:00,0,,
90379633,2017-02-10 15:03:09+00:00,1,sku_999,9.99
90379633,2017-02-15 10:32:01+00:00,0,,
90379633,2017-02-19 21:05:57+00:00,0,,
90379633,2017-02-20 13:11:07+00:00,0,,
90379633,2017-02-27 11:52:29+00:00,0,,
90379633,2017-02-28 16:05:44+00:00,0,,
90379633,2017-03-02 19:26:11+00:00,0,,
90379633,2017-03-07 21:11:20+00:00,0,,
90379633,2017-03-10 02:50:15+00:00,0,,
90379633,2017-03-11 02:32:30+00:00,0,,
90379633,2017-03-13 21:56:41+00:00,0,,
90379633,2017-03-17 06:55:52+00:00,0,,
90379633,2017-03-19 22:11:34+00:00,0,,
90379633,2017-03-23 02:21:57+00:00,0,,
90379633,2017-03-25 10:03:09+00:00,0,,
90379633,2017-03-28 20:42:50+00:00,0,,
90379633,2017-03-30 19:45:43+00:00,0,,
90379633,2017-04-01 02:30:28+00:00,0,,
90379633,2017-04-03 03:30:46+00:00,0,,
90379633,2017-04-06 09:07:15+00:00,0,,
90379633,2017-04-09 12:13:18+00:00,0,,
90379633,2017-04-10 08:03:49+00:00,0,,
90379633,2017-04-21 06:09:32+00:00,0,,
90379633,2017-04-23 05:41:09+00:00,0,,
90379633,2017-04-25 20:52:20+00:00,0,,
90379633,2017-04-26 11:54:16+00:00,0,,
90379633,2017-04-29 13:34:26+00:00,0,,
90379633,2017-04-30 20:42:20+00:00,0,,
90379633,2017-05-02 03:44:28+00:00,1,sku_999,9.99
90379633,2017-05-07 09:10:43+00:00,0,,
90379633,2017-05-08 22:56:57+00:00,0,,
90379633,2017-05-11 14:27:53+00:00,0,,
90379633,2017-05-12 08:22:28+00:00,0,,
90379633,2017-05-15 06:06:46+00:00,0,,
90379633,2017-05-18 02:24:34+00:00,0,,
90379633,2017-05-21 22:54:22+00:00,0,,
90379633,2017-05-22 11:19:32+00:00,0,,
90379633,2017-05-24 00:24:47+00:00,0,,
90379633,2017-05-26 14:01:40+00:00,0,,
90379633,2017-05-26 11:57:17+00:00,0,,
90379633,2017-06-01 01:11:31+00:00,0,,
90379633,2017-06-02 12:58:06+00:00,0,,
90379633,2017-06-07 03:27:53+00:00,0,,
90379633,2017-06-08 06:50:22+00:00,0,,
90379633,2017-06-15 22:13:06+00:00,0,,
90379633,2017-06-17 10:33:10+00:00,0,,
90379633,2017-06-18 03:46:39+00:00,0,,
90379633,2017-06-18 18:58:03+00:00,0,,
90379633,2017-06-22 06:11:06+00:00,0,,
90379633,2017-06-26 20:30:37+00:00,0,,
90379633,2017-06-27 19:38:36+00:00,0,,
90379633,2017-06-30 23:57:47+00:00,0,,
90379633,2017-07-02 06:37:46+00:00,0,,
90379633,2017-07-02 10:20:27+00:00,0,,
90379633,2017-07-07 03:05:10+00:00,0,,
90379633,2017-07-09 19:12:13+00:00,1,sku_599,5.99
90379633,2017-07-10 04:05:09+00:00,0,,
90379633,2017-07-11 13:16:02+00:00,0,,
90379633,2017-07-19 11:52:52+00:00,0,,
90379633,2017-07-19 22:27:56+00:00,0,,
90379633,2017-07-27 22:16:49+00:00,0,,
90379633,2017-07-28 09:06:03+00:00,0,,
90379633,2017-07-31 06:52:21+00:00,0,,
90379633,2017-08-01 00:33:23+00:00,0,,
90379633,2017-08-04 15:39:28+00:00,0,,
90379633,2017-08-06 18:26:22+00:00,0,,
90379633,2017-08-11 00:49:03+00:00,0,,
90379633,2017-08-13 18:15:11+00:00,0,,
90379633,2017-08-14 12:14:45+00:00,0,,
90379633,2017-08-15 19:51:16+00:00,0,,
90379633,2017-08-20 01:28:58+00:00,0,,
90379633,2017-08-24 23:18:32+00:00,0,,
90379633,2017-08-26 03:59:48+00:00,0,,
90379633,2017-09-04 10:38:11+00:00,0,,
90379633,2017-09-05 08:13:55+00:00,0,,
90379633,2017-09-07 08:29:35+00:00,0,,
90379633,2017-09-09 05:13:19+00:00,0,,
90379633,2017-09-12 05:58:40+00:00,0,,
90379633,2017-09-13 01:35:14+00:00,0,,
90379633,2017-09-25 15:36:35+00:00,0,,
90379633,2017-09-26 09:29:13+00:00,0,,
90379633,2017-09-29 22:24:47+00:00,0,,
90379633,2017-10-03 18:30:14+00:00,0,,
90379633,2017-10-03 03:05:28+00:00,0,,
90379633,2017-10-04 19:40:19+00:00,0,,
90379633,2017-10-05 01:02:54+00:00,0,,
90379633,2017-10-06 18:39:11+00:00,0,,
90379633,2017-10-07 11:45:47+00:00,0,,
90379633,2017-10-08 17:05:26+00:00,0,,
90379633,2017-10-15 04:17:17+00:00,0,,
90379633,2017-10-16 10:18:17+00:00,0,,
90379633,2017-10-20 03:32:48+00:00,0,,
90379633,2017-10-21 09:39:45+00:00,0,,
90379633,2017-10-22 07:29:37+00:00,0,,
90379633,2017-10-24 19:59:02+00:00,0,,
90379633,2017-10-25 00:48:10+00:00,0,,
90379633,2017-10-26 12:12:59+00:00,0,,
90379633,2017-10-29 01:04:32+00:00,1,sku_399,3.99
90379633,2017-10-30 10:32:29+00:00,0,,
90379633,2017-10-31 08:32:30+00:00,0,,
90379633,2017-11-03 00:01:55+00:00,0,,
90379633,2017-11-05 02:27:34+00:00,0,,
90379633,2017-11-06 00:47:25+00:00,0,,
90379633,2017-11-09 22:05:20+00:00,0,,
90379633,2017-11-10 15:08:30+00:00,0,,
90379633,2017-11-12 15:05:25+00:00,0,,
90379633,2017-11-18 08:00:39+00:00,0,,
90379633,2017-11-18 08:53:18+00:00,0,,
90379633,2017-11-19 04:37:45+00:00,0,,
90379633,2017-11-19 09:51:19+00:00,1,sku_399,3.99
90379633,2017-11-20 03:06:01+00:00,0,,
90379633,2017-11-21 16:56:24+00:00,0,,
90379633,2017-11-21 15:28:58+00:00,0,,
90379633,2017-11-24 09:48:25+00:00,0,,
90379633,2017-12-06 02:21:20+00:00,0,,
90379633,2017-12-07 10:12:52+00:00,0,,
90379633,2017-12-09 05:57:13+00:00,0,,
90379633,2017-12-12 04:11:13+00:00,0,,
90379633,2017-12-18 16:35:58+00:00,0,,
90379633,2017-12-20 03:04:41+00:00,0,,
90379633,2017-12-25 22:08:05+00:00,0,,
90379633,2018-01-03 11:01:30+00:00,0,,
90379633,2018-01-04 05:07:47+00:00,0,,
90379633,2018-01-04 03:11:12+00:00,0,,
90379633,2018-01-07 19:41:51+00:00,0,,
90379633,2018-01-09 02:00:26+00:00,0,,
90379633,2018-01-10 06:33:52+00:00,0,,
90379633,2018-01-18 13:44:48+00:00,0,,
90379633,2018-01-20 01:09:50+00:00,0,,
90379633,2018-01-22 11:43:56+00:00,0,,
90379633,2018-01-25 02:04:59+00:00,0,,
90379633,2018-01-26 00:20:39+00:00,0,,
90379633,2018-01-27 15:17:50+00:00,0,,
90379633,2018-01-31 18:02:26+00:00,0,,
90379633,2018-02-01 04:39:16+00:00,0,,
90379633,2018-02-04 03:17:03+00:00,1,sku_599,5.99
90379633,2018-02-05 18:13:43+00:00,0,,
90379633,2018-02-07 05:21:53+00:00,0,,
90379633,2018-02-13 08:56:53+00:00,0,,
90379633,2018-02-23 16:37:37+00:00,0,,
90379633,2018-02-27 09:04:21+00:00,0,,
90379633,2018-03-01 12:42:58+00:00,0,,
90379633,2018-03-03 17:14:56+00:00,0,,
90379633,2018-03-05 01:04:06+00:00,0,,
90379633,2018-03-05 18:23:29+00:00,0,,
90379633,2018-03-08 22:30:12+00:00,0,,
90379633,2018-03-09 07:18:28+00:00,0,,
90379633,2018-03-10 12:24:55+00:00,0,,
90379633,2018-03-11 18:50:49+00:00,0,,
90379633,2018-03-13 12:47:09+00:00,0,,
90379633,2018-03-15 18:15:53+00:00,0,,
87956749,2017-03-30 22:59:41+00:00,0,,
87956749,2017-04-06 21:25:42+00:00,0,,
87956749,2017-04-07 14:45:09+00:00,0,,
87956749,2017-04-08 11:29:48+00:00,0,,
87956749,2017-04-16 08:24:45+00:00,0,,
87956749,2017-04-18 14:50:45+00:00,0,,
87956749,2017-04-21 17:21:34+00:00,0,,
87956749,2017-04-22 02:55:14+00:00,0,,
87956749,2017-04-23 22:29:30+00:00,0,,
87956749,2017-04-23 04:47:24+00:00,0,,
87956749,2017-04-24 10:33:19+00:00,0,,
87956749,2017-04-27 03:54:59+00:00,0,,
87956749,2017-04-28 05:31:15+00:00,0,,
87956749,2017-04-29 21:57:56+00:00,0,,
87956749,2017-04-30 09:19:50+00:00,0,,
87956749,2017-05-06 04:54:49+00:00,0,,
87956749,2017-05-09 01:31:53+00:00,0,,
87956749,2017-05-13 21:03:21+00:00,0,,
87956749,2017-05-25 19:58:31+00:00,0,,
87956749,2017-06-03 13:38:10+00:00,0,,
87956749,2017-06-04 20:06:46+00:00,0,,
87956749,2017-06-10 07:21:33+00:00,0,,
87956749,2017-06-11 14:28:44+00:00,0,,
87956749,2017-06-13 03:38:18+00:00,0,,
87956749,2017-06-14 10:24:42+00:00,0,,
87956749,2017-06-16 17:39:59+00:00,0,,
87956749,2017-06-17 11:45:54+00:00,0,,
87956749,2017-06-20 10:14:43+00:00,0,,
87956749,2017-06-26 21:17:48+00:00,0,,
87956749,2017-06-29 16:44:33+00:00,0,,
87956749,2017-07-06 12:26:23+00:00,0,,
87956749,2017-07-08 16:45:44+00:00,0,,
87956749,2017-07-11 20:08:13+00:00,0,,
87956749,2017-07-15 16:08:19+00:00,0,,
87956749,2017-07-16 09:28:44+00:00,0,,
87956749,2017-07-31 17:25:05+00:00,0,,
87956749,2017-08-02 13:44:45+00:00,0,,
87956749,2017-08-03 16:57:49+00:00,0,,
87956749,2017-08-11 21:13:23+00:00,0,,
87956749,2017-08-12 09:46:29+00:00,0,,
87956749,2017-08-14 14:53:04+00:00,0,,
87956749,2017-08-17 13:12:34+00:00,0,,
87956749,2017-08-17 15:01:35+00:00,0,,
87956749,2017-08-22 15:33:01+00:00,0,,
87956749,2017-08-23 04:11:41+00:00,0,,
87956749,2017-08-25 15:33:15+00:00,0,,
87956749,2017-08-27 09:17:13+00:00,0,,
87956749,2017-09-01 16:26:51+00:00,0,,
87956749,2017-09-02 15:45:40+00:00,0,,
87956749,2017-09-08 14:36:05+00:00,0,,
87956749,2017-09-08 23:01:56+00:00,0,,
87956749,2017-09-17 12:45:17+00:00,0,,
87956749,2017-09-18 12:41:55+00:00,0,,
87956749,2017-09-23 20:05:26+00:00,0,,
87956749,2017-09-24 13:10:50+00:00,0,,
87956749,2017-10-02 17:23:27+00:00,0,,
87956749,2017-10-04 10:24:21+00:00,0,,
87956749,2017-10-04 15:47:56+00:00,0,,
87956749,2017-10-06 07:51:00+00:00,0,,
87956749,2017-10-09 06:44:26+00:00,0,,
87956749,2017-10-10 20:01:24+00:00,0,,
87956749,2017-10-14 19:24:18+00:00,0,,
87956749,2017-10-17 04:39:35+00:00,0,,
87956749,2017-10-22 06:40:11+00:00,0,,
87956749,2017-10-22 10:20:47+00:00,0,,
87956749,2017-10-23 07:37:06+00:00,0,,
87956749,2017-10-24 13:56:52+00:00,0,,
87956749,2017-10-28 21:35:36+00:00,0,,
87956749,2017-11-01 06:10:59+00:00,0,,
87956749,2017-11-07 11:37:30+00:00,0,,
87956749,2017-11-12 05:24:58+00:00,0,,
87956749,2017-11-13 21:55:37+00:00,0,,
87956749,2017-11-18 04:59:40+00:00,0,,
87956749,2017-11-20 16:17:23+00:00,0,,
87956749,2017-11-22 11:50:37+00:00,0,,
87956749,2017-12-05 13:30:20+00:00,0,,
87956749,2017-12-06 11:39:02+00:00,0,,
87956749,2017-12-10 20:27:43+00:00,0,,
87956749,2017-12-23 05:37:23+00:00,0,,
87956749,2017-12-27 15:07:53+00:00,0,,
87956749,2017-12-28 15:55:10+00:00,1,sku_399,3.99
87956749,2017-12-29 14:49:26+00:00,0,,
87956749,2017-12-30 07:32:03+00:00,0,,
87956749,2017-12-31 17:31:08+00:00,0,,
87956749,2018-01-01 16:27:49+00:00,0,,
87956749,2018-01-03 00:45:35+00:00,0,,
87956749,2018-01-08 11:23:57+00:00,0,,
87956749,2018-01-09 06:07:55+00:00,0,,
87956749,2018-01-13 05:56:01+00:00,0,,
87956749,2018-01-19 14:38:43+00:00,0,,
87956749,2018-01-22 19:09:50+00:00,0,,
87956749,2018-01-23 16:11:17+00:00,0,,
87956749,2018-01-24 09:48:55+00:00,0,,
87956749,2018-01-25 19:00:44+00:00,0,,
87956749,2018-01-25 10:33:24+00:00,0,,
87956749,2018-01-28 19:54:06+00:00,0,,
87956749,2018-01-29 13:03:47+00:00,0,,
87956749,2018-01-30 09:35:21+00:00,0,,
87956749,2018-02-01 13:54:10+00:00,0,,
87956749,2018-02-02 00:56:32+00:00,0,,
87956749,2018-02-10 02:38:45+00:00,0,,
87956749,2018-02-12 16:49:13+00:00,0,,
87956749,2018-02-13 17:02:18+00:00,0,,
87956749,2018-02-15 03:25:33+00:00,0,,
87956749,2018-02-16 23:19:16+00:00,0,,
87956749,2018-02-17 04:13:12+00:00,0,,
87956749,2018-02-23 18:53:41+00:00,0,,
87956749,2018-02-27 09:45:11+00:00,0,,
87956749,2018-02-27 12:35:29+00:00,0,,
87956749,2018-03-01 02:02:01+00:00,0,,
87956749,2018-03-10 22:38:20+00:00,1,sku_599,5.99
87956749,2018-03-11 04:33:49+00:00,0,,
87956749,2018-03-12 06:25:30+00:00,0,,
87956749,2018-03-16 16:52:19+00:00,0,,
70038073,2018-03-15 19:05:01+00:00,0,,
66243588,2017-03-27 18:48:44+00:00,0,,
66243588,2017-03-28 08:21:32+00:00,0,,
66243588,2017-03-29 11:30:25+00:00,0,,
66243588,2017-03-30 13:21:46+00:00,0,,
66243588,2017-04-03 00:45:35+00:00,0,,
66243588,2017-04-04 18:06:43+00:00,0,,
66243588,2017-04-14 13:31:47+00:00,0,,
66243588,2017-04-22 03:39:46+00:00,0,,
66243588,2017-04-23 08:11:57+00:00,0,,
66243588,2017-05-01 22:08:02+00:00,0,,
66243588,2017-05-05 22:29:26+00:00,0,,
66243588,2017-05-06 06:20:44+00:00,0,,
66243588,2017-05-09 00:17:24+00:00,0,,
66243588,2017-05-10 09:38:11+00:00,0,,
66243588,2017-05-15 09:17:06+00:00,0,,
66243588,2017-05-18 01:04:06+00:00,0,,
66243588,2017-05-19 17:27:06+00:00,1,sku_399,3.99
66243588,2017-05-20 05:10:42+00:00,0,,
66243588,2017-05-21 19:21:48+00:00,0,,
66243588,2017-05-23 14:47:54+00:00,0,,
66243588,2017-05-24 20:36:33+00:00,0,,
66243588,2017-05-25 15:42:58+00:00,0,,
66243588,2017-05-28 09:22:39+00:00,0,,
66243588,2017-05-30 10:15:52+00:00,0,,
66243588,2017-06-01 10:56:02+00:00,0,,
66243588,2017-06-07 06:52:46+00:00,0,,
66243588,2017-06-08 22:12:43+00:00,0,,
66243588,2017-06-12 06:52:31+00:00,0,,
66243588,2017-06-14 07:49:01+00:00,0,,
66243588,2017-06-15 10:39:52+00:00,0,,
66243588,2017-06-20 10:26:22+00:00,0,,
66243588,2017-07-05 08:16:47+00:00,0,,
66243588,2017-07-06 20:31:28+00:00,0,,
66243588,2017-07-07 03:11:13+00:00,0,,
66243588,2017-07-11 21:06:22+00:00,0,,
66243588,2017-07-15 14:29:14+00:00,0,,
66243588,2017-07-16 00:16:26+00:00,0,,
66243588,2017-07-19 21:21:56+00:00,0,,
66243588,2017-07-22 09:02:16+00:00,0,,
66243588,2017-07-22 07:53:55+00:00,0,,
66243588,2017-07-24 20:46:51+00:00,0,,
66243588,2017-07-28 00:46:59+00:00,0,,
66243588,2017-07-30 11:40:05+00:00,0,,
66243588,2017-08-02 19:47:32+00:00,0,,
66243588,2017-08-11 17:42:44+00:00,0,,
66243588,2017-08-18 07:42:32+00:00,0,,
66243588,2017-08-18 15:48:57+00:00,0,,
66243588,2017-08-20 17:42:56+00:00,0,,
66243588,2017-08-27 10:38:45+00:00,0,,
66243588,2017-08-28 18:41:45+00:00,0,,
66243588,2017-09-02 12:08:44+00:00,0,,
66243588,2017-09-09 21:33:26+00:00,0,,
66243588,2017-09-10 23:14:42+00:00,0,,
66243588,2017-09-17 04:44:42+00:00,0,,
66243588,2017-09-22 06:07:46+00:00,0,,
66243588,2017-09-23 14:58:18+00:00,0,,
66243588,2017-09-29 09:17:25+00:00,0,,
66243588,2017-10-02 22:47:06+00:00,0,,
66243588,2017-10-20 05:02:32+00:00,0,,
66243588,2017-10-22 21:49:24+00:00,0,,
66243588,2017-10-24 03:20:58+00:00,0,,
66243588,2017-10-26 04:37:02+00:00,0,,
66243588,2017-10-27 07:06:25+00:00,0,,
66243588,2017-10-28 20:13:24+00:00,0,,
66243588,2017-10-29 00:23:10+00:00,0,,
66243588,2017-10-29 14:22:44+00:00,0,,
66243588,2017-10-30 17:42:44+00:00,0,,
66243588,2017-11-01 01:26:05+00:00,0,,
66243588,2017-11-03 20:11:57+00:00,0,,
66243588,2017-11-04 06:37:13+00:00,0,,
66243588,2017-11-07 09:30:55+00:00,0,,
66243588,2017-11-09 07:14:23+00:00,0,,
66243588,2017-11-12 02:04:34+00:00,0,,
66243588,2017-11-14 01:32:19+00:00,0,,
66243588,2017-11-16 22:55:25+00:00,0,,
66243588,2017-11-20 22:23:12+00:00,0,,
66243588,2017-11-21 22:44:47+00:00,0,,
66243588,2017-11-22 19:19:51+00:00,0,,
66243588,2017-11-23 14:13:54+00:00,0,,
66243588,2017-11-25 18:02:20+00:00,0,,
66243588,2017-11-27 04:29:47+00:00,0,,
66243588,2017-11-29 06:21:55+00:00,0,,
66243588,2017-12-13 06:12:29+00:00,0,,
66243588,2017-12-13 01:48:16+00:00,0,,
66243588,2017-12-14 11:41:51+00:00,0,,