date,uid,sku,price,reg_date,device,gender,country,age,first_week_purchases
2018-03-14,84715271,sku_two_299,299,2018-03-09,and,M,USA,34,1
2018-03-16,84715271,sku_two_299,299,2018-03-09,and,M,USA,34,1
2018-01-14,47315877,sku_three_499,499,2018-01-07,iOS,F,BRA,15,1
2018-01-15,47315877,sku_one_199,199,2018-01-07,iOS,F,BRA,15,0
2018-01-16,47315877,sku_two_299,299,2018-01-07,iOS,F,BRA,15,0
2018-01-25,47315877,sku_four_599,599,2018-01-07,iOS,F,BRA,15,0
2018-01-27,47315877,sku_four_599,599,2018-01-07,iOS,F,BRA,15,0
2018-01-30,47315877,sku_two_299,299,2018-01-07,iOS,F,BRA,15,0
2018-02-01,47315877,sku_two_299,299,2018-01-07,iOS,F,BRA,15,0
2018-02-08,47315877,sku_four_599,599,2018-01-07,iOS,F,BRA,15,0
2018-02-15,47315877,sku_one_199,199,2018-01-07,iOS,F,BRA,15,0
2018-02-16,47315877,sku_three_499,499,2018-01-07,iOS,F,BRA,15,0
2018-02-20,47315877,sku_three_499,499,2018-01-07,iOS,F,BRA,15,0
2018-02-26,47315877,sku_two_299,299,2018-01-07,iOS,F,BRA,15,0
2018-03-06,47315877,sku_two_299,299,2018-01-07,iOS,F,BRA,15,0
2018-03-09,47315877,sku_four_599,599,2018-01-07,iOS,F,BRA,15,0
2018-03-13,47315877,sku_four_599,599,2018-01-07,iOS,F,BRA,15,0
2017-10-27,27498893,sku_one_199,199,2017-10-27,iOS,M,USA,20,1
2017-11-06,27498893,sku_eight_2099,99,2017-10-27,iOS,M,USA,20,0
2017-11-13,27498893,sku_two_299,299,2017-10-27,iOS,M,USA,20,0
2017-11-24,27498893,sku_four_599,599,2017-10-27,iOS,M,USA,20,0
2017-12-03,27498893,sku_four_599,599,2017-10-27,iOS,M,USA,20,0
2017-12-09,27498893,sku_three_499,499,2017-10-27,iOS,M,USA,20,0
2017-12-10,27498893,sku_two_299,299,2017-10-27,iOS,M,USA,20,0
2017-12-14,27498893,sku_three_499,499,2017-10-27,iOS,M,USA,20,0
2017-12-20,27498893,sku_one_199,199,2017-10-27,iOS,M,USA,20,0
2017-12-29,27498893,sku_four_599,599,2017-10-27,iOS,M,USA,20,0
2018-01-05,27498893,sku_two_299,299,2017-10-27,iOS,M,USA,20,0
2018-01-11,27498893,sku_three_499,499,2017-10-27,iOS,M,USA,20,0
2018-01-16,27498893,sku_five_899,899,2017-10-27,iOS,M,USA,20,0
2018-01-25,27498893,sku_five_899,899,2017-10-27,iOS,M,USA,20,0
2018-01-28,27498893,sku_six_1299,299,2017-10-27,iOS,M,USA,20,0
2018-02-08,27498893,sku_three_499,499,2017-10-27,iOS,M,USA,20,0
2018-02-09,27498893,sku_seven_1499,499,2017-10-27,iOS,M,USA,20,0
2018-02-22,27498893,sku_four_599,599,2017-10-27,iOS,M,USA,20,0
2018-02-24,27498893,sku_four_599,599,2017-10-27,iOS,M,USA,20,0
2018-02-27,27498893,sku_two_299,299,2017-10-27,iOS,M,USA,20,0
2018-03-06,27498893,sku_three_499,499,2017-10-27,iOS,M,USA,20,0
2018-03-11,27498893,sku_five_899,899,2017-10-27,iOS,M,USA,20,0
2018-03-13,27498893,sku_two_299,299,2017-10-27,iOS,M,USA,20,0
2017-11-02,85817683,sku_one_199,199,2017-10-27,iOS,F,TUR,36,1
2017-11-09,85817683,sku_two_299,299,2017-10-27,iOS,F,TUR,36,0
2017-11-16,85817683,sku_one_199,199,2017-10-27,iOS,F,TUR,36,0
2017-11-19,85817683,sku_four_599,599,2017-10-27,iOS,F,TUR,36,0
2017-12-01,85817683,sku_four_599,599,2017-10-27,iOS,F,TUR,36,0
2017-12-19,85817683,sku_two_299,299,2017-10-27,iOS,F,TUR,36,0
2017-12-22,85817683,sku_four_599,599,2017-10-27,iOS,F,TUR,36,0
2018-01-08,85817683,sku_one_199,199,2017-10-27,iOS,F,TUR,36,0
2018-01-13,85817683,sku_four_599,599,2017-10-27,iOS,F,TUR,36,0
2018-01-16,85817683,sku_four_599,599,2017-10-27,iOS,F,TUR,36,0
2018-01-29,85817683,sku_two_299,299,2017-10-27,iOS,F,TUR,36,0
2018-01-31,85817683,sku_four_599,599,2017-10-27,iOS,F,TUR,36,0
2018-02-01,85817683,sku_three_499,499,2017-10-27,iOS,F,TUR,36,0
2018-02-09,85817683,sku_one_199,199,2017-10-27,iOS,F,TUR,36,0
2018-02-12,85817683,sku_four_599,599,2017-10-27,iOS,F,TUR,36,0
2018-02-17,85817683,sku_seven_1499,499,2017-10-27,iOS,F,TUR,36,0
2018-02-25,85817683,sku_three_499,499,2017-10-27,iOS,F,TUR,36,0
2018-02-28,85817683,sku_four_599,599,2017-10-27,iOS,F,TUR,36,0
2018-03-12,85817683,sku_five_899,899,2017-10-27,iOS,F,TUR,36,0
2018-03-17,85817683,sku_three_499,499,2017-10-27,iOS,F,TUR,36,0
2017-11-26,97984541,sku_eight_2099,99,2017-11-24,and,M,TUR,31,1
2017-11-28,97984541,sku_two_299,299,2017-11-24,and,M,TUR,31,1
2017-11-29,97984541,sku_five_899,899,2017-11-24,and,M,TUR,31,1
2017-12-02,97984541,sku_three_499,499,2017-11-24,and,M,TUR,31,0
2017-12-17,97984541,sku_five_899,899,2017-11-24,and,M,TUR,31,0
2017-12-21,97984541,sku_two_299,299,2017-11-24,and,M,TUR,31,0
2018-01-10,97984541,sku_two_299,299,2017-11-24,and,M,TUR,31,0
2018-01-20,97984541,sku_two_299,299,2017-11-24,and,M,TUR,31,0
2018-01-23,97984541,sku_four_599,599,2017-11-24,and,M,TUR,31,0
2018-02-07,97984541,sku_one_199,199,2017-11-24,and,M,TUR,31,0
2018-03-04,97984541,sku_four_599,599,2017-11-24,and,M,TUR,31,0
2018-03-07,97984541,sku_four_599,599,2017-11-24,and,M,TUR,31,0
2018-03-12,97984541,sku_four_599,599,2017-11-24,and,M,TUR,31,0
2017-07-28,87507554,sku_six_1299,299,2017-07-26,iOS,F,DEU,19,1
2017-08-02,87507554,sku_four_599,599,2017-07-26,iOS,F,DEU,19,1
2017-08-04,87507554,sku_three_499,499,2017-07-26,iOS,F,DEU,19,0
2017-08-07,87507554,sku_two_299,299,2017-07-26,iOS,F,DEU,19,0
2017-08-11,87507554,sku_six_1299,299,2017-07-26,iOS,F,DEU,19,0
2017-08-15,87507554,sku_one_199,199,2017-07-26,iOS,F,DEU,19,0
2017-08-17,87507554,sku_three_499,499,2017-07-26,iOS,F,DEU,19,0
2017-08-22,87507554,sku_three_499,499,2017-07-26,iOS,F,DEU,19,0
2017-09-24,87507554,sku_four_599,599,2017-07-26,iOS,F,DEU,19,0
2017-09-25,87507554,sku_three_499,499,2017-07-26,iOS,F,DEU,19,0
2017-09-29,87507554,sku_four_599,599,2017-07-26,iOS,F,DEU,19,0
2017-10-02,87507554,sku_four_599,599,2017-07-26,iOS,F,DEU,19,0
2017-10-04,87507554,sku_one_199,199,2017-07-26,iOS,F,DEU,19,0
2017-10-16,87507554,sku_four_599,599,2017-07-26,iOS,F,DEU,19,0
2017-10-17,87507554,sku_three_499,499,2017-07-26,iOS,F,DEU,19,0
2017-10-23,87507554,sku_one_199,199,2017-07-26,iOS,F,DEU,19,0
2017-10-25,87507554,sku_seven_1499,499,2017-07-26,iOS,F,DEU,19,0
2017-11-02,87507554,sku_one_199,199,2017-07-26,iOS,F,DEU,19,0
2017-11-04,87507554,sku_two_299,299,2017-07-26,iOS,F,DEU,19,0
2017-11-14,87507554,sku_three_499,499,2017-07-26,iOS,F,DEU,19,0
2017-11-22,87507554,sku_four_599,599,2017-07-26,iOS,F,DEU,19,0
2017-11-25,87507554,sku_two_299,299,2017-07-26,iOS,F,DEU,19,0
2017-11-26,87507554,sku_eight_2099,99,2017-07-26,iOS,F,DEU,19,0
2017-11-27,87507554,sku_one_199,199,2017-07-26,iOS,F,DEU,19,0
2017-11-28,87507554,sku_two_299,299,2017-07-26,iOS,F,DEU,19,0
2017-12-15,87507554,sku_eight_2099,99,2017-07-26,iOS,F,DEU,19,0
2017-12-22,87507554,sku_two_299,299,2017-07-26,iOS,F,DEU,19,0
2017-12-27,87507554,sku_three_499,499,2017-07-26,iOS,F,DEU,19,0
2018-01-05,87507554,sku_four_599,599,2017-07-26,iOS,F,DEU,19,0
2018-01-08,87507554,sku_four_599,599,2017-07-26,iOS,F,DEU,19,0
2018-01-10,87507554,sku_two_299,299,2017-07-26,iOS,F,DEU,19,0
2018-01-24,87507554,sku_two_299,299,2017-07-26,iOS,F,DEU,19,0
2018-01-25,87507554,sku_three_499,499,2017-07-26,iOS,F,DEU,19,0
2018-02-04,87507554,sku_two_299,299,2017-07-26,iOS,F,DEU,19,0
2018-02-10,87507554,sku_three_499,499,2017-07-26,iOS,F,DEU,19,0
2018-02-11,87507554,sku_four_599,599,2017-07-26,iOS,F,DEU,19,0
2018-02-13,87507554,sku_one_199,199,2017-07-26,iOS,F,DEU,19,0
2018-02-22,87507554,sku_two_299,299,2017-07-26,iOS,F,DEU,19,0
2018-02-25,87507554,sku_three_499,499,2017-07-26,iOS,F,DEU,19,0
2018-03-10,87507554,sku_three_499,499,2017-07-26,iOS,F,DEU,19,0
2017-10-06,32942475,sku_three_499,499,2017-09-18,iOS,M,USA,15,0
2017-10-07,32942475,sku_one_199,199,2017-09-18,iOS,M,USA,15,0
2017-10-10,32942475,sku_three_499,499,2017-09-18,iOS,M,USA,15,0
2017-10-14,32942475,sku_one_199,199,2017-09-18,iOS,M,USA,15,0
2017-10-19,32942475,sku_two_299,299,2017-09-18,iOS,M,USA,15,0
2017-10-26,32942475,sku_three_499,499,2017-09-18,iOS,M,USA,15,0
2017-10-29,32942475,sku_one_199,199,2017-09-18,iOS,M,USA,15,0
2017-11-01,32942475,sku_two_299,299,2017-09-18,iOS,M,USA,15,0
2017-11-15,32942475,sku_five_899,899,2017-09-18,iOS,M,USA,15,0
2017-11-16,32942475,sku_two_299,299,2017-09-18,iOS,M,USA,15,0
2017-11-17,32942475,sku_two_299,299,2017-09-18,iOS,M,USA,15,0
2017-11-27,32942475,sku_two_299,299,2017-09-18,iOS,M,USA,15,0
2018-01-13,32942475,sku_three_499,499,2017-09-18,iOS,M,USA,15,0
2018-01-15,32942475,sku_four_599,599,2017-09-18,iOS,M,USA,15,0
2018-02-26,32942475,sku_one_199,199,2017-09-18,iOS,M,USA,15,0
2018-03-03,32942475,sku_three_499,499,2017-09-18,iOS,M,USA,15,0
2018-03-18,32942475,sku_three_499,499,2017-09-18,iOS,M,USA,15,0
2018-02-09,46292143,sku_three_499,499,2018-02-06,iOS,M,USA,22,1
2018-02-11,46292143,sku_three_499,499,2018-02-06,iOS,M,USA,22,1
2018-02-17,46292143,sku_three_499,499,2018-02-06,iOS,M,USA,22,0
2018-02-22,46292143,sku_one_199,199,2018-02-06,iOS,M,USA,22,0
2018-02-26,46292143,sku_one_199,199,2018-02-06,iOS,M,USA,22,0
2018-03-06,46292143,sku_two_299,299,2018-02-06,iOS,M,USA,22,0
2018-03-08,46292143,sku_one_199,199,2018-02-06,iOS,M,USA,22,0
2018-03-09,46292143,sku_one_199,199,2018-02-06,iOS,M,USA,22,0
2018-03-13,46292143,sku_four_599,599,2018-02-06,iOS,M,USA,22,0
2018-03-14,46292143,sku_five_899,899,2018-02-06,iOS,M,USA,22,0
2018-03-16,46292143,sku_three_499,499,2018-02-06,iOS,M,USA,22,0
2017-06-16,94026525,sku_two_299,299,2017-06-06,iOS,F,USA,30,0
2017-06-21,94026525,sku_eight_2099,99,2017-06-06,iOS,F,USA,30,0
2017-07-05,94026525,sku_four_599,599,2017-06-06,iOS,F,USA,30,0
2017-07-09,94026525,sku_one_199,199,2017-06-06,iOS,F,USA,30,0
2017-07-10,94026525,sku_three_499,499,2017-06-06,iOS,F,USA,30,0
2017-07-14,94026525,sku_two_299,299,2017-06-06,iOS,F,USA,30,0
2017-07-17,94026525,sku_four_599,599,2017-06-06,iOS,F,USA,30,0
2017-07-27,94026525,sku_three_499,499,2017-06-06,iOS,F,USA,30,0
2017-07-29,94026525,sku_two_299,299,2017-06-06,iOS,F,USA,30,0
2017-08-09,94026525,sku_one_199,199,2017-06-06,iOS,F,USA,30,0
2017-08-16,94026525,sku_two_299,299,2017-06-06,iOS,F,USA,30,0
2017-08-17,94026525,sku_three_499,499,2017-06-06,iOS,F,USA,30,0
2017-08-22,94026525,sku_one_199,199,2017-06-06,iOS,F,USA,30,0
2017-09-05,94026525,sku_two_299,299,2017-06-06,iOS,F,USA,30,0
2017-09-06,94026525,sku_three_499,499,2017-06-06,iOS,F,USA,30,0
2017-09-17,94026525,sku_five_899,899,2017-06-06,iOS,F,USA,30,0
2017-09-21,94026525,sku_three_499,499,2017-06-06,iOS,F,USA,30,0
2017-09-23,94026525,sku_three_499,499,2017-06-06,iOS,F,USA,30,0
2017-09-28,94026525,sku_three_499,499,2017-06-06,iOS,F,USA,30,0
2017-10-01,94026525,sku_one_199,199,2017-06-06,iOS,F,USA,30,0
2017-10-03,94026525,sku_two_299,299,2017-06-06,iOS,F,USA,30,0
2017-10-06,94026525,sku_one_199,199,2017-06-06,iOS,F,USA,30,0
2017-10-07,94026525,sku_eight_2099,99,2017-06-06,iOS,F,USA,30,0
2017-10-11,94026525,sku_three_499,499,2017-06-06,iOS,F,USA,30,0
2017-10-27,94026525,sku_four_599,599,2017-06-06,iOS,F,USA,30,0
2017-10-29,94026525,sku_four_599,599,2017-06-06,iOS,F,USA,30,0
2017-10-31,94026525,sku_six_1299,299,2017-06-06,iOS,F,USA,30,0
2017-11-02,94026525,sku_two_299,299,2017-06-06,iOS,F,USA,30,0
2017-11-14,94026525,sku_seven_1499,499,2017-06-06,iOS,F,USA,30,0
2017-11-17,94026525,sku_one_199,199,2017-06-06,iOS,F,USA,30,0
2017-11-25,94026525,sku_three_499,499,2017-06-06,iOS,F,USA,30,0
2017-11-26,94026525,sku_one_199,199,2017-06-06,iOS,F,USA,30,0
2017-11-30,94026525,sku_three_499,499,2017-06-06,iOS,F,USA,30,0
2017-12-01,94026525,sku_four_599,599,2017-06-06,iOS,F,USA,30,0
2017-12-09,94026525,sku_four_599,599,2017-06-06,iOS,F,USA,30,0
2017-12-11,94026525,sku_one_199,199,2017-06-06,iOS,F,USA,30,0
2017-12-14,94026525,sku_one_199,199,2017-06-06,iOS,F,USA,30,0
2017-12-15,94026525,sku_two_299,299,2017-06-06,iOS,F,USA,30,0
2017-12-23,94026525,sku_four_599,599,2017-06-06,iOS,F,USA,30,0
2018-01-01,94026525,sku_one_199,199,2017-06-06,iOS,F,USA,30,0
2018-01-06,94026525,sku_five_899,899,2017-06-06,iOS,F,USA,30,0
2018-01-09,94026525,sku_four_599,599,2017-06-06,iOS,F,USA,30,0
2018-01-11,94026525,sku_one_199,199,2017-06-06,iOS,F,USA,30,0
2018-01-15,94026525,sku_two_299,299,2017-06-06,iOS,F,USA,30,0
2018-01-25,94026525,sku_four_599,599,2017-06-06,iOS,F,USA,30,0
2018-02-01,94026525,sku_eight_2099,99,2017-06-06,iOS,F,USA,30,0
2018-02-02,94026525,sku_seven_1499,499,2017-06-06,iOS,F,USA,30,0
2018-02-04,94026525,sku_two_299,299,2017-06-06,iOS,F,USA,30,0
2018-02-05,94026525,sku_two_299,299,2017-06-06,iOS,F,USA,30,0
2018-02-11,94026525,sku_three_499,499,2017-06-06,iOS,F,USA,30,0
2018-02-24,94026525,sku_one_199,199,2017-06-06,iOS,F,USA,30,0
2018-03-13,94026525,sku_one_199,199,2017-06-06,iOS,F,USA,30,0
2017-08-18,24620877,sku_three_499,499,2017-08-18,iOS,M,DEU,36,1
2017-08-20,24620877,sku_three_499,499,2017-08-18,iOS,M,DEU,36,1
2017-08-29,24620877,sku_two_299,299,2017-08-18,iOS,M,DEU,36,0
2017-09-04,24620877,sku_eight_2099,99,2017-08-18,iOS,M,DEU,36,0
2017-09-19,24620877,sku_three_499,499,2017-08-18,iOS,M,DEU,36,0
2017-10-26,24620877,sku_four_599,599,2017-08-18,iOS,M,DEU,36,0
2017-11-03,24620877,sku_three_499,499,2017-08-18,iOS,M,DEU,36,0
2017-11-05,24620877,sku_seven_1499,499,2017-08-18,iOS,M,DEU,36,0
2017-11-13,24620877,sku_three_499,499,2017-08-18,iOS,M,DEU,36,0
2017-11-15,24620877,sku_one_199,199,2017-08-18,iOS,M,DEU,36,0
2017-11-18,24620877,sku_six_1299,299,2017-08-18,iOS,M,DEU,36,0
2018-01-04,24620877,sku_four_599,599,2017-08-18,iOS,M,DEU,36,0
2018-01-07,24620877,sku_one_199,199,2017-08-18,iOS,M,DEU,36,0
2018-01-11,24620877,sku_three_499,499,2017-08-18,iOS,M,DEU,36,0
2018-01-13,24620877,sku_four_599,599,2017-08-18,iOS,M,DEU,36,0
2018-01-22,24620877,sku_three_499,499,2017-08-18,iOS,M,DEU,36,0
2018-01-23,24620877,sku_two_299,299,2017-08-18,iOS,M,DEU,36,0
2018-02-04,24620877,sku_four_599,599,2017-08-18,iOS,M,DEU,36,0
2018-02-08,24620877,sku_four_599,599,2017-08-18,iOS,M,DEU,36,0
2018-02-20,24620877,sku_two_299,299,2017-08-18,iOS,M,DEU,36,0
2018-02-26,24620877,sku_six_1299,299,2017-08-18,iOS,M,DEU,36,0
2018-02-27,24620877,sku_one_199,199,2017-08-18,iOS,M,DEU,36,0
2018-03-04,24620877,sku_three_499,499,2017-08-18,iOS,M,DEU,36,0
2018-03-10,24620877,sku_eight_2099,99,2017-08-18,iOS,M,DEU,36,0
2018-03-11,24620877,sku_three_499,499,2017-08-18,iOS,M,DEU,36,0
2018-03-17,24620877,sku_four_599,599,2017-08-18,iOS,M,DEU,36,0
2017-08-07,69366000,sku_one_199,199,2017-08-05,and,M,BRA,16,1
2017-08-10,69366000,sku_five_899,899,2017-08-05,and,M,BRA,16,1
2017-08-11,69366000,sku_one_199,199,2017-08-05,and,M,BRA,16,1
2017-08-23,69366000,sku_seven_1499,499,2017-08-05,and,M,BRA,16,0
2017-08-30,69366000,sku_four_599,599,2017-08-05,and,M,BRA,16,0
2017-09-01,69366000,sku_eight_2099,99,2017-08-05,and,M,BRA,16,0
2017-09-03,69366000,sku_four_599,599,2017-08-05,and,M,BRA,16,0
2017-09-07,69366000,sku_two_299,299,2017-08-05,and,M,BRA,16,0
2017-09-08,69366000,sku_one_199,199,2017-08-05,and,M,BRA,16,0
2017-09-22,69366000,sku_seven_1499,499,2017-08-05,and,M,BRA,16,0
2017-10-30,69366000,sku_three_499,499,2017-08-05,and,M,BRA,16,0
2017-12-07,69366000,sku_four_599,599,2017-08-05,and,M,BRA,16,0
2017-12-10,69366000,sku_one_199,199,2017-08-05,and,M,BRA,16,0
2017-12-11,69366000,sku_two_299,299,2017-08-05,and,M,BRA,16,0
2017-12-28,69366000,sku_one_199,199,2017-08-05,and,M,BRA,16,0
2017-12-30,69366000,sku_two_299,299,2017-08-05,and,M,BRA,16,0
2018-01-05,69366000,sku_one_199,199,2017-08-05,and,M,BRA,16,0
2018-01-09,69366000,sku_seven_1499,499,2017-08-05,and,M,BRA,16,0
2018-01-12,69366000,sku_two_299,299,2017-08-05,and,M,BRA,16,0
2018-02-11,69366000,sku_seven_1499,499,2017-08-05,and,M,BRA,16,0
2018-02-24,69366000,sku_three_499,499,2017-08-05,and,M,BRA,16,0
2017-11-20,35190679,sku_two_299,299,2017-11-19,iOS,F,BRA,17,1
2017-12-06,35190679,sku_four_599,599,2017-11-19,iOS,F,BRA,17,0
2017-12-17,35190679,sku_four_599,599,2017-11-19,iOS,F,BRA,17,0
2017-12-21,35190679,sku_three_499,499,2017-11-19,iOS,F,BRA,17,0
2018-01-23,35190679,sku_two_299,299,2017-11-19,iOS,F,BRA,17,0
2018-02-04,35190679,sku_two_299,299,2017-11-19,iOS,F,BRA,17,0
2018-02-17,35190679,sku_four_599,599,2017-11-19,iOS,F,BRA,17,0
2018-03-02,35190679,sku_four_599,599,2017-11-19,iOS,F,BRA,17,0
2017-11-28,92218818,sku_four_599,599,2017-11-24,iOS,M,BRA,17,1
2017-12-08,92218818,sku_two_299,299,2017-11-24,iOS,M,BRA,17,0
2017-12-14,92218818,sku_four_599,599,2017-11-24,iOS,M,BRA,17,0
2017-12-27,92218818,sku_six_1299,299,2017-11-24,iOS,M,BRA,17,0
2018-01-03,92218818,sku_six_1299,299,2017-11-24,iOS,M,BRA,17,0
2018-01-07,92218818,sku_six_1299,299,2017-11-24,iOS,M,BRA,17,0
2018-01-12,92218818,sku_two_299,299,2017-11-24,iOS,M,BRA,17,0
2018-03-06,92218818,sku_two_299,299,2017-11-24,iOS,M,BRA,17,0
2018-03-10,92218818,sku_eight_2099,99,2017-11-24,iOS,M,BRA,17,0
2018-03-17,92218818,sku_three_499,499,2017-11-24,iOS,M,BRA,17,0
2017-07-25,98170020,sku_five_899,899,2017-07-21,iOS,F,DEU,15,1
2017-08-06,98170020,sku_two_299,299,2017-07-21,iOS,F,DEU,15,0
2017-09-01,98170020,sku_two_299,299,2017-07-21,iOS,F,DEU,15,0
2017-09-05,98170020,sku_three_499,499,2017-07-21,iOS,F,DEU,15,0
2017-09-07,98170020,sku_three_499,499,2017-07-21,iOS,F,DEU,15,0
2017-09-15,98170020,sku_seven_1499,499,2017-07-21,iOS,F,DEU,15,0
2017-09-19,98170020,sku_two_299,299,2017-07-21,iOS,F,DEU,15,0
2017-09-24,98170020,sku_four_599,599,2017-07-21,iOS,F,DEU,15,0
2017-10-19,98170020,sku_one_199,199,2017-07-21,iOS,F,DEU,15,0
2017-10-25,98170020,sku_three_499,499,2017-07-21,iOS,F,DEU,15,0
2017-10-26,98170020,sku_four_599,599,2017-07-21,iOS,F,DEU,15,0
2017-10-27,98170020,sku_three_499,499,2017-07-21,iOS,F,DEU,15,0
2017-11-11,98170020,sku_two_299,299,2017-07-21,iOS,F,DEU,15,0
2017-11-16,98170020,sku_three_499,499,2017-07-21,iOS,F,DEU,15,0
2017-11-17,98170020,sku_four_599,599,2017-07-21,iOS,F,DEU,15,0
2017-11-23,98170020,sku_one_199,199,2017-07-21,iOS,F,DEU,15,0
2017-11-30,98170020,sku_three_499,499,2017-07-21,iOS,F,DEU,15,0
2017-12-16,98170020,sku_seven_1499,499,2017-07-21,iOS,F,DEU,15,0
2017-12-19,98170020,sku_one_199,199,2017-07-21,iOS,F,DEU,15,0
2017-12-22,98170020,sku_one_199,199,2017-07-21,iOS,F,DEU,15,0
2017-12-23,98170020,sku_two_299,299,2017-07-21,iOS,F,DEU,15,0
2017-12-26,98170020,sku_two_299,299,2017-07-21,iOS,F,DEU,15,0
2018-01-06,98170020,sku_four_599,599,2017-07-21,iOS,F,DEU,15,0
2018-01-07,98170020,sku_four_599,599,2017-07-21,iOS,F,DEU,15,0
2018-01-10,98170020,sku_eight_2099,99,2017-07-21,iOS,F,DEU,15,0
2018-01-16,98170020,sku_two_299,299,2017-07-21,iOS,F,DEU,15,0
2018-01-17,98170020,sku_three_499,499,2017-07-21,iOS,F,DEU,15,0
2018-01-18,98170020,sku_two_299,299,2017-07-21,iOS,F,DEU,15,0
2018-02-05,98170020,sku_four_599,599,2017-07-21,iOS,F,DEU,15,0
2018-02-08,98170020,sku_seven_1499,499,2017-07-21,iOS,F,DEU,15,0
2018-02-11,98170020,sku_one_199,199,2017-07-21,iOS,F,DEU,15,0
2018-02-23,98170020,sku_one_199,199,2017-07-21,iOS,F,DEU,15,0
2018-02-28,98170020,sku_two_299,299,2017-07-21,iOS,F,DEU,15,0
2018-03-01,98170020,sku_eight_2099,99,2017-07-21,iOS,F,DEU,15,0
2018-03-07,98170020,sku_four_599,599,2017-07-21,iOS,F,DEU,15,0
2018-03-12,98170020,sku_one_199,199,2017-07-21,iOS,F,DEU,15,0
2017-12-29,55584363,sku_one_199,199,2017-12-26,and,F,DEU,20,1
2018-02-07,55584363,sku_three_499,499,2017-12-26,and,F,DEU,20,0
2018-02-09,55584363,sku_two_299,299,2017-12-26,and,F,DEU,20,0
2018-03-06,55584363,sku_three_499,499,2017-12-26,and,F,DEU,20,0
2018-01-21,68411749,sku_two_299,299,2018-01-21,iOS,F,TUR,20,1
2018-01-24,68411749,sku_two_299,299,2018-01-21,iOS,F,TUR,20,1
2018-01-27,68411749,sku_three_499,499,2018-01-21,iOS,F,TUR,20,1
2018-01-30,68411749,sku_one_199,199,2018-01-21,iOS,F,TUR,20,0
2018-02-18,68411749,sku_one_199,199,2018-01-21,iOS,F,TUR,20,0
2018-02-19,68411749,sku_four_599,599,2018-01-21,iOS,F,TUR,20,0
2018-02-21,68411749,sku_two_299,299,2018-01-21,iOS,F,TUR,20,0
2018-03-04,68411749,sku_two_299,299,2018-01-21,iOS,F,TUR,20,0
2018-03-08,68411749,sku_three_499,499,2018-01-21,iOS,F,TUR,20,0
2017-09-14,12090264,sku_one_199,199,2017-09-14,and,F,USA,29,1
2017-09-16,12090264,sku_two_299,299,2017-09-14,and,F,USA,29,1
2017-09-23,12090264,sku_four_599,599,2017-09-14,and,F,USA,29,0
2017-09-29,12090264,sku_two_299,299,2017-09-14,and,F,USA,29,0
2017-10-16,12090264,sku_one_199,199,2017-09-14,and,F,USA,29,0
2017-10-23,12090264,sku_one_199,199,2017-09-14,and,F,USA,29,0
2017-10-25,12090264,sku_two_299,299,2017-09-14,and,F,USA,29,0
2017-11-18,12090264,sku_four_599,599,2017-09-14,and,F,USA,29,0
2017-11-24,12090264,sku_three_499,499,2017-09-14,and,F,USA,29,0
2017-11-28,12090264,sku_six_1299,299,2017-09-14,and,F,USA,29,0
2017-11-29,12090264,sku_one_199,199,2017-09-14,and,F,USA,29,0
2017-12-02,12090264,sku_four_599,599,2017-09-14,and,F,USA,29,0
2017-12-10,12090264,sku_two_299,299,2017-09-14,and,F,USA,29,0
2018-01-07,12090264,sku_five_899,899,2017-09-14,and,F,USA,29,0
2018-01-18,12090264,sku_three_499,499,2017-09-14,and,F,USA,29,0
2018-01-21,12090264,sku_three_499,499,2017-09-14,and,F,USA,29,0
2018-02-05,12090264,sku_four_599,599,2017-09-14,and,F,USA,29,0
2018-02-09,12090264,sku_three_499,499,2017-09-14,and,F,USA,29,0
2018-02-15,12090264,sku_three_499,499,2017-09-14,and,F,USA,29,0
2018-03-17,12090264,sku_two_299,299,2017-09-14,and,F,USA,29,0
2018-01-11,79603690,sku_two_299,299,2017-12-11,iOS,F,USA,40,0
2018-02-01,79603690,sku_two_299,299,2017-12-11,iOS,F,USA,40,0
2018-02-21,79603690,sku_two_299,299,2017-12-11,iOS,F,USA,40,0
2018-02-23,79603690,sku_four_599,599,2017-12-11,iOS,F,USA,40,0
2017-08-19,62303703,sku_one_199,199,2017-08-14,iOS,F,USA,39,1
2017-08-23,62303703,sku_four_599,599,2017-08-14,iOS,F,USA,39,0
2017-08-27,62303703,sku_four_599,599,2017-08-14,iOS,F,USA,39,0
2017-09-11,62303703,sku_one_199,199,2017-08-14,iOS,F,USA,39,0
2017-09-19,62303703,sku_eight_2099,99,2017-08-14,iOS,F,USA,39,0
2017-09-21,62303703,sku_one_199,199,2017-08-14,iOS,F,USA,39,0
2017-09-30,62303703,sku_three_499,499,2017-08-14,iOS,F,USA,39,0
2017-10-13,62303703,sku_two_299,299,2017-08-14,iOS,F,USA,39,0
2017-10-16,62303703,sku_three_499,499,2017-08-14,iOS,F,USA,39,0
2017-10-26,62303703,sku_four_599,599,2017-08-14,iOS,F,USA,39,0
2017-11-05,62303703,sku_one_199,199,2017-08-14,iOS,F,USA,39,0
2017-11-09,62303703,sku_three_499,499,2017-08-14,iOS,F,USA,39,0
2017-11-19,62303703,sku_three_499,499,2017-08-14,iOS,F,USA,39,0
2017-11-21,62303703,sku_three_499,499,2017-08-14,iOS,F,USA,39,0
2017-12-07,62303703,sku_two_299,299,2017-08-14,iOS,F,USA,39,0
2017-12-08,62303703,sku_four_599,599,2017-08-14,iOS,F,USA,39,0
2017-12-18,62303703,sku_two_299,299,2017-08-14,iOS,F,USA,39,0
2017-12-22,62303703,sku_three_499,499,2017-08-14,iOS,F,USA,39,0
2017-12-26,62303703,sku_one_199,199,2017-08-14,iOS,F,USA,39,0
2018-01-04,62303703,sku_one_199,199,2017-08-14,iOS,F,USA,39,0
2018-01-13,62303703,sku_five_899,899,2017-08-14,iOS,F,USA,39,0
2018-01-27,62303703,sku_three_499,499,2017-08-14,iOS,F,USA,39,0
2018-02-08,62303703,sku_four_599,599,2017-08-14,iOS,F,USA,39,0
2018-02-14,62303703,sku_two_299,299,2017-08-14,iOS,F,USA,39,0
2018-02-20,62303703,sku_two_299,299,2017-08-14,iOS,F,USA,39,0
2018-02-23,62303703,sku_one_199,199,2017-08-14,iOS,F,USA,39,0
2018-02-27,62303703,sku_seven_1499,499,2017-08-14,iOS,F,USA,39,0
2018-03-09,62303703,sku_two_299,299,2017-08-14,iOS,F,USA,39,0
2018-03-10,62303703,sku_two_299,299,2017-08-14,iOS,F,USA,39,0
2018-03-10,51403174,sku_four_599,599,2018-03-08,and,F,TUR,26,1
2018-03-11,51403174,sku_two_299,299,2018-03-08,and,F,TUR,26,1
2018-01-21,66324279,sku_four_599,599,2018-01-21,and,M,USA,20,1
2018-01-22,66324279,sku_four_599,599,2018-01-21,and,M,USA,20,1
2018-02-03,66324279,sku_six_1299,299,2018-01-21,and,M,USA,20,0
2018-03-01,66324279,sku_two_299,299,2018-01-21,and,M,USA,20,0
2018-03-13,66324279,sku_eight_2099,99,2018-01-21,and,M,USA,20,0
2017-11-15,74329739,sku_two_299,299,2017-11-10,and,F,BRA,27,1
2017-11-17,74329739,sku_one_199,199,2017-11-10,and,F,BRA,27,1
2017-11-23,74329739,sku_three_499,499,2017-11-10,and,F,BRA,27,0
2017-12-25,74329739,sku_four_599,599,2017-11-10,and,F,BRA,27,0
2017-12-27,74329739,sku_two_299,299,2017-11-10,and,F,BRA,27,0
2018-01-06,74329739,sku_four_599,599,2017-11-10,and,F,BRA,27,0
2018-01-07,74329739,sku_four_599,599,2017-11-10,and,F,BRA,27,0
2018-01-15,74329739,sku_one_199,199,2017-11-10,and,F,BRA,27,0
2018-01-30,74329739,sku_two_299,299,2017-11-10,and,F,BRA,27,0
2018-02-10,74329739,sku_one_199,199,2017-11-10,and,F,BRA,27,0
2018-02-14,74329739,sku_one_199,199,2017-11-10,and,F,BRA,27,0
2018-02-27,74329739,sku_six_1299,299,2017-11-10,and,F,BRA,27,0
2018-02-28,74329739,sku_three_499,499,2017-11-10,and,F,BRA,27,0
2018-03-05,74329739,sku_four_599,599,2017-11-10,and,F,BRA,27,0
2018-03-09,74329739,sku_six_1299,299,2017-11-10,and,F,BRA,27,0
2018-03-12,74329739,sku_eight_2099,99,2017-11-10,and,F,BRA,27,0
2017-11-17,82088640,sku_three_499,499,2017-11-16,and,F,USA,19,1
2017-11-24,82088640,sku_three_499,499,2017-11-16,and,F,USA,19,0
2017-11-25,82088640,sku_two_299,299,2017-11-16,and,F,USA,19,0
2017-11-28,82088640,sku_seven_1499,499,2017-11-16,and,F,USA,19,0
2017-12-04,82088640,sku_seven_1499,499,2017-11-16,and,F,USA,19,0
2017-12-06,82088640,sku_two_299,299,2017-11-16,and,F,USA,19,0
2017-12-11,82088640,sku_one_199,199,2017-11-16,and,F,USA,19,0
2017-12-15,82088640,sku_four_599,599,2017-11-16,and,F,USA,19,0
2017-12-20,82088640,sku_one_199,199,2017-11-16,and,F,USA,19,0
2017-12-25,82088640,sku_one_199,199,2017-11-16,and,F,USA,19,0
2018-01-02,82088640,sku_one_199,199,2017-11-16,and,F,USA,19,0
2018-01-07,82088640,sku_three_499,499,2017-11-16,and,F,USA,19,0
2018-01-08,82088640,sku_seven_1499,499,2017-11-16,and,F,USA,19,0
2018-01-14,82088640,sku_two_299,299,2017-11-16,and,F,USA,19,0
2018-01-30,82088640,sku_two_299,299,2017-11-16,and,F,USA,19,0
2018-01-31,82088640,sku_four_599,599,2017-11-16,and,F,USA,19,0
2018-02-01,82088640,sku_one_199,199,2017-11-16,and,F,USA,19,0
2018-02-17,82088640,sku_three_499,499,2017-11-16,and,F,USA,19,0
2018-02-20,82088640,sku_one_199,199,2017-11-16,and,F,USA,19,0
2018-03-03,82088640,sku_two_299,299,2017-11-16,and,F,USA,19,0
2018-03-10,82088640,sku_one_199,199,2017-11-16,and,F,USA,19,0
2017-12-19,34528077,sku_seven_1499,499,2017-12-16,iOS,F,USA,16,1
2017-12-25,34528077,sku_eight_2099,99,2017-12-16,iOS,F,USA,16,0
2017-12-26,34528077,sku_four_599,599,2017-12-16,iOS,F,USA,16,0
2018-01-02,34528077,sku_four_599,599,2017-12-16,iOS,F,USA,16,0
2018-01-07,34528077,sku_three_499,499,2017-12-16,iOS,F,USA,16,0
2018-01-22,34528077,sku_one_199,199,2017-12-16,iOS,F,USA,16,0
2018-01-25,34528077,sku_one_199,199,2017-12-16,iOS,F,USA,16,0
2018-01-28,34528077,sku_two_299,299,2017-12-16,iOS,F,USA,16,0
2018-01-29,34528077,sku_eight_2099,99,2017-12-16,iOS,F,USA,16,0
2018-02-02,34528077,sku_four_599,599,2017-12-16,iOS,F,USA,16,0
2018-02-05,34528077,sku_two_299,299,2017-12-16,iOS,F,USA,16,0
2018-02-17,34528077,sku_six_1299,299,2017-12-16,iOS,F,USA,16,0
2018-03-14,34528077,sku_one_199,199,2017-12-16,iOS,F,USA,16,0
2018-03-16,34528077,sku_three_499,499,2017-12-16,iOS,F,USA,16,0
2018-02-21,63783484,sku_eight_2099,99,2018-02-21,iOS,M,DEU,28,1
2018-02-24,63783484,sku_two_299,299,2018-02-21,iOS,M,DEU,28,1
2018-03-17,63783484,sku_two_299,299,2018-02-21,iOS,M,DEU,28,0
2018-01-13,45819280,sku_four_599,599,2018-01-08,and,M,USA,27,1
2018-01-15,45819280,sku_four_599,599,2018-01-08,and,M,USA,27,1
2018-01-18,45819280,sku_two_299,299,2018-01-08,and,M,USA,27,0
2018-01-25,45819280,sku_seven_1499,499,2018-01-08,and,M,USA,27,0
2018-02-04,45819280,sku_eight_2099,99,2018-01-08,and,M,USA,27,0
2018-02-09,45819280,sku_one_199,199,2018-01-08,and,M,USA,27,0
2018-02-13,45819280,sku_one_199,199,2018-01-08,and,M,USA,27,0
2018-02-15,45819280,sku_four_599,599,2018-01-08,and,M,USA,27,0
2018-02-17,45819280,sku_three_499,499,2018-01-08,and,M,USA,27,0
2018-02-23,45819280,sku_three_499,499,2018-01-08,and,M,USA,27,0
2018-02-25,45819280,sku_three_499,499,2018-01-08,and,M,USA,27,0
2018-02-27,45819280,sku_one_199,199,2018-01-08,and,M,USA,27,0
2018-03-01,45819280,sku_two_299,299,2018-01-08,and,M,USA,27,0
2018-03-04,45819280,sku_five_899,899,2018-01-08,and,M,USA,27,0
2018-03-07,45819280,sku_three_499,499,2018-01-08,and,M,USA,27,0
2018-03-09,45819280,sku_two_299,299,2018-01-08,and,M,USA,27,0
2018-03-12,45819280,sku_one_199,199,2018-01-08,and,M,USA,27,0
2017-12-23,15908742,sku_two_299,299,2017-12-21,and,F,CAN,25,1
2018-01-06,15908742,sku_three_499,499,2017-12-21,and,F,CAN,25,0
2018-01-08,15908742,sku_one_199,199,2017-12-21,and,F,CAN,25,0
2018-01-23,15908742,sku_three_499,499,2017-12-21,and,F,CAN,25,0
2018-01-28,15908742,sku_four_599,599,2017-12-21,and,F,CAN,25,0
2018-02-07,15908742,sku_two_299,299,2017-12-21,and,F,CAN,25,0
2018-02-14,15908742,sku_four_599,599,2017-12-21,and,F,CAN,25,0
2018-03-06,15908742,sku_three_499,499,2017-12-21,and,F,CAN,25,0
2018-03-08,15908742,sku_seven_1499,499,2017-12-21,and,F,CAN,25,0
2017-12-29,29739361,sku_three_499,499,2017-12-26,iOS,F,TUR,18,1
2018-01-03,29739361,sku_two_299,299,2017-12-26,iOS,F,TUR,18,0
2018-02-07,29739361,sku_one_199,199,2017-12-26,iOS,F,TUR,18,0
2018-02-10,29739361,sku_seven_1499,499,2017-12-26,iOS,F,TUR,18,0
2018-02-11,29739361,sku_one_199,199,2017-12-26,iOS,F,TUR,18,0
2018-02-12,29739361,sku_four_599,599,2017-12-26,iOS,F,TUR,18,0
2018-02-13,29739361,sku_one_199,199,2017-12-26,iOS,F,TUR,18,0
2018-02-15,29739361,sku_three_499,499,2017-12-26,iOS,F,TUR,18,0
2018-02-18,29739361,sku_one_199,199,2017-12-26,iOS,F,TUR,18,0
2018-02-24,29739361,sku_eight_2099,99,2017-12-26,iOS,F,TUR,18,0
2018-03-01,29739361,sku_four_599,599,2017-12-26,iOS,F,TUR,18,0
2018-03-10,29739361,sku_four_599,599,2017-12-26,iOS,F,TUR,18,0
2018-03-01,81728236,sku_one_199,199,2018-02-27,iOS,M,USA,42,1
2018-03-02,81728236,sku_one_199,199,2018-02-27,iOS,M,USA,42,1
2018-03-03,81728236,sku_two_299,299,2018-02-27,iOS,M,USA,42,1
2018-03-08,81728236,sku_two_299,299,2018-02-27,iOS,M,USA,42,0
2018-03-10,81728236,sku_three_499,499,2018-02-27,iOS,M,USA,42,0
2018-03-17,81728236,sku_one_199,199,2018-02-27,iOS,M,USA,42,0
2017-10-11,38227108,sku_four_599,599,2017-10-06,iOS,F,FRA,18,1
2017-10-30,38227108,sku_three_499,499,2017-10-06,iOS,F,FRA,18,0
2017-11-02,38227108,sku_four_599,599,2017-10-06,iOS,F,FRA,18,0
2017-11-05,38227108,sku_one_199,199,2017-10-06,iOS,F,FRA,18,0
2017-11-19,38227108,sku_one_199,199,2017-10-06,iOS,F,FRA,18,0
2017-11-20,38227108,sku_four_599,599,2017-10-06,iOS,F,FRA,18,0
2017-11-23,38227108,sku_seven_1499,499,2017-10-06,iOS,F,FRA,18,0
2018-01-18,38227108,sku_seven_1499,499,2017-10-06,iOS,F,FRA,18,0
2018-01-29,38227108,sku_one_199,199,2017-10-06,iOS,F,FRA,18,0
2018-02-14,38227108,sku_four_599,599,2017-10-06,iOS,F,FRA,18,0
2018-02-16,38227108,sku_four_599,599,2017-10-06,iOS,F,FRA,18,0
2018-02-21,38227108,sku_four_599,599,2017-10-06,iOS,F,FRA,18,0
2018-02-22,38227108,sku_one_199,199,2017-10-06,iOS,F,FRA,18,0
2018-03-12,38227108,sku_three_499,499,2017-10-06,iOS,F,FRA,18,0
2018-03-18,38227108,sku_two_299,299,2017-10-06,iOS,F,FRA,18,0
2017-10-18,31763911,sku_three_499,499,2017-10-18,iOS,F,BRA,15,1
2017-10-19,31763911,sku_two_299,299,2017-10-18,iOS,F,BRA,15,1
2017-10-21,31763911,sku_two_299,299,2017-10-18,iOS,F,BRA,15,1
2017-10-23,31763911,sku_two_299,299,2017-10-18,iOS,F,BRA,15,1
2017-10-25,31763911,sku_one_199,199,2017-10-18,iOS,F,BRA,15,1
2017-10-29,31763911,sku_two_299,299,2017-10-18,iOS,F,BRA,15,0
2017-11-13,31763911,sku_one_199,199,2017-10-18,iOS,F,BRA,15,0
2017-11-17,31763911,sku_two_299,299,2017-10-18,iOS,F,BRA,15,0
2017-11-22,31763911,sku_three_499,499,2017-10-18,iOS,F,BRA,15,0
2017-12-02,31763911,sku_three_499,499,2017-10-18,iOS,F,BRA,15,0
2017-12-21,31763911,sku_three_499,499,2017-10-18,iOS,F,BRA,15,0
2017-12-22,31763911,sku_three_499,499,2017-10-18,iOS,F,BRA,15,0
2017-12-24,31763911,sku_six_1299,299,2017-10-18,iOS,F,BRA,15,0
2017-12-25,31763911,sku_four_599,599,2017-10-18,iOS,F,BRA,15,0
2017-12-26,31763911,sku_three_499,499,2017-10-18,iOS,F,BRA,15,0
2017-12-28,31763911,sku_seven_1499,499,2017-10-18,iOS,F,BRA,15,0
2018-01-21,31763911,sku_three_499,499,2017-10-18,iOS,F,BRA,15,0
2018-01-27,31763911,sku_one_199,199,2017-10-18,iOS,F,BRA,15,0
2018-01-31,31763911,sku_four_599,599,2017-10-18,iOS,F,BRA,15,0
2018-02-01,31763911,sku_eight_2099,99,2017-10-18,iOS,F,BRA,15,0
2018-02-03,31763911,sku_one_199,199,2017-10-18,iOS,F,BRA,15,0
2018-02-14,31763911,sku_three_499,499,2017-10-18,iOS,F,BRA,15,0
2018-02-24,31763911,sku_three_499,499,2017-10-18,iOS,F,BRA,15,0
2018-02-25,31763911,sku_two_299,299,2017-10-18,iOS,F,BRA,15,0
2018-02-27,31763911,sku_four_599,599,2017-10-18,iOS,F,BRA,15,0
2018-03-03,31763911,sku_five_899,899,2017-10-18,iOS,F,BRA,15,0
2018-03-12,31763911,sku_seven_1499,499,2017-10-18,iOS,F,BRA,15,0
2018-03-15,31763911,sku_one_199,199,2017-10-18,iOS,F,BRA,15,0
2017-12-26,86023419,sku_five_899,899,2017-12-24,and,M,DEU,17,1
2017-12-31,86023419,sku_four_599,599,2017-12-24,and,M,DEU,17,1
2018-01-02,86023419,sku_four_599,599,2017-12-24,and,M,DEU,17,0
2018-01-05,86023419,sku_three_499,499,2017-12-24,and,M,DEU,17,0
2018-01-14,86023419,sku_two_299,299,2017-12-24,and,M,DEU,17,0
2018-01-16,86023419,sku_four_599,599,2017-12-24,and,M,DEU,17,0
2018-01-17,86023419,sku_one_199,199,2017-12-24,and,M,DEU,17,0
2018-01-21,86023419,sku_one_199,199,2017-12-24,and,M,DEU,17,0
2018-02-05,86023419,sku_four_599,599,2017-12-24,and,M,DEU,17,0
2018-02-12,86023419,sku_four_599,599,2017-12-24,and,M,DEU,17,0
2018-02-13,86023419,sku_three_499,499,2017-12-24,and,M,DEU,17,0
2018-02-16,86023419,sku_four_599,599,2017-12-24,and,M,DEU,17,0
2018-02-27,86023419,sku_three_499,499,2017-12-24,and,M,DEU,17,0
2018-03-03,86023419,sku_two_299,299,2017-12-24,and,M,DEU,17,0
2018-03-05,86023419,sku_four_599,599,2017-12-24,and,M,DEU,17,0
2018-03-06,86023419,sku_three_499,499,2017-12-24,and,M,DEU,17,0
2018-03-08,86023419,sku_five_899,899,2017-12-24,and,M,DEU,17,0
2018-02-03,20272068,sku_four_599,599,2018-01-31,and,F,USA,53,1
2018-02-17,20272068,sku_three_499,499,2018-01-31,and,F,USA,53,0
2018-03-09,20272068,sku_two_299,299,2018-01-31,and,F,USA,53,0
2017-11-06,38810891,sku_two_299,299,2017-11-06,iOS,F,BRA,40,1
2017-12-01,38810891,sku_three_499,499,2017-11-06,iOS,F,BRA,40,0
2017-12-02,38810891,sku_four_599,599,2017-11-06,iOS,F,BRA,40,0
2017-12-04,38810891,sku_four_599,599,2017-11-06,iOS,F,BRA,40,0
2018-02-26,38810891,sku_two_299,299,2017-11-06,iOS,F,BRA,40,0
2018-03-01,38810891,sku_one_199,199,2017-11-06,iOS,F,BRA,40,0
2018-03-08,38810891,sku_four_599,599,2017-11-06,iOS,F,BRA,40,0
2018-02-10,67471877,sku_eight_2099,99,2018-02-09,iOS,M,USA,29,1
2018-02-13,67471877,sku_five_899,899,2018-02-09,iOS,M,USA,29,1
2018-03-03,67471877,sku_three_499,499,2018-02-09,iOS,M,USA,29,0
2018-03-12,67471877,sku_two_299,299,2018-02-09,iOS,M,USA,29,0
2018-03-14,67471877,sku_four_599,599,2018-02-09,iOS,M,USA,29,0
2017-12-03,34760083,sku_one_199,199,2017-11-22,iOS,F,DEU,48,0
2017-12-13,34760083,sku_four_599,599,2017-11-22,iOS,F,DEU,48,0
2017-12-14,34760083,sku_two_299,299,2017-11-22,iOS,F,DEU,48,0
2017-12-16,34760083,sku_one_199,199,2017-11-22,iOS,F,DEU,48,0
2018-01-04,34760083,sku_three_499,499,2017-11-22,iOS,F,DEU,48,0
2018-01-19,34760083,sku_three_499,499,2017-11-22,iOS,F,DEU,48,0
2018-01-29,34760083,sku_one_199,199,2017-11-22,iOS,F,DEU,48,0
2018-01-31,34760083,sku_two_299,299,2017-11-22,iOS,F,DEU,48,0
2018-02-06,34760083,sku_two_299,299,2017-11-22,iOS,F,DEU,48,0
2018-02-20,34760083,sku_three_499,499,2017-11-22,iOS,F,DEU,48,0
2018-02-26,34760083,sku_two_299,299,2017-11-22,iOS,F,DEU,48,0
2017-07-14,91575721,sku_three_499,499,2017-06-26,iOS,M,USA,27,0
2017-07-20,91575721,sku_two_299,299,2017-06-26,iOS,M,USA,27,0
2017-07-21,91575721,sku_one_199,199,2017-06-26,iOS,M,USA,27,0
2017-07-23,91575721,sku_eight_2099,99,2017-06-26,iOS,M,USA,27,0
2017-07-26,91575721,sku_one_199,199,2017-06-26,iOS,M,USA,27,0
2017-07-28,91575721,sku_three_499,499,2017-06-26,iOS,M,USA,27,0
2017-08-11,91575721,sku_three_499,499,2017-06-26,iOS,M,USA,27,0
2017-09-11,91575721,sku_four_599,599,2017-06-26,iOS,M,USA,27,0
2017-09-12,91575721,sku_one_199,199,2017-06-26,iOS,M,USA,27,0
2017-09-20,91575721,sku_five_899,899,2017-06-26,iOS,M,USA,27,0
2017-09-23,91575721,sku_three_499,499,2017-06-26,iOS,M,USA,27,0
2017-09-26,91575721,sku_three_499,499,2017-06-26,iOS,M,USA,27,0
2017-10-26,91575721,sku_three_499,499,2017-06-26,iOS,M,USA,27,0
2017-11-21,91575721,sku_two_299,299,2017-06-26,iOS,M,USA,27,0
2017-11-24,91575721,sku_seven_1499,499,2017-06-26,iOS,M,USA,27,0
2017-11-27,91575721,sku_eight_2099,99,2017-06-26,iOS,M,USA,27,0
2017-11-28,91575721,sku_two_299,299,2017-06-26,iOS,M,USA,27,0
2017-12-25,91575721,sku_one_199,199,2017-06-26,iOS,M,USA,27,0
2017-12-27,91575721,sku_four_599,599,2017-06-26,iOS,M,USA,27,0
2017-12-29,91575721,sku_two_299,299,2017-06-26,iOS,M,USA,27,0
2018-01-03,91575721,sku_one_199,199,2017-06-26,iOS,M,USA,27,0
2018-01-11,91575721,sku_three_499,499,2017-06-26,iOS,M,USA,27,0
2018-01-12,91575721,sku_three_499,499,2017-06-26,iOS,M,USA,27,0
2018-01-17,91575721,sku_five_899,899,2017-06-26,iOS,M,USA,27,0
2018-01-28,91575721,sku_one_199,199,2017-06-26,iOS,M,USA,27,0
2018-02-12,91575721,sku_two_299,299,2017-06-26,iOS,M,USA,27,0
2018-02-15,91575721,sku_three_499,499,2017-06-26,iOS,M,USA,27,0
2018-02-25,91575721,sku_six_1299,299,2017-06-26,iOS,M,USA,27,0
2018-02-28,91575721,sku_seven_1499,499,2017-06-26,iOS,M,USA,27,0
2018-03-09,91575721,sku_one_199,199,2017-06-26,iOS,M,USA,27,0
2017-08-29,88612616,sku_two_299,299,2017-08-20,and,M,USA,42,0
2017-08-30,88612616,sku_four_599,599,2017-08-20,and,M,USA,42,0
2017-08-31,88612616,sku_one_199,199,2017-08-20,and,M,USA,42,0
2017-09-01,88612616,sku_three_499,499,2017-08-20,and,M,USA,42,0
2017-09-02,88612616,sku_three_499,499,2017-08-20,and,M,USA,42,0
2017-09-12,88612616,sku_one_199,199,2017-08-20,and,M,USA,42,0
2017-09-15,88612616,sku_one_199,199,2017-08-20,and,M,USA,42,0
2017-09-19,88612616,sku_two_299,299,2017-08-20,and,M,USA,42,0
2017-10-03,88612616,sku_three_499,499,2017-08-20,and,M,USA,42,0
2018-01-19,88612616,sku_three_499,499,2017-08-20,and,M,USA,42,0
2017-09-19,23680911,sku_three_499,499,2017-09-04,and,M,USA,16,0
2017-09-28,23680911,sku_four_599,599,2017-09-04,and,M,USA,16,0
2017-10-30,23680911,sku_two_299,299,2017-09-04,and,M,USA,16,0
2017-11-08,23680911,sku_three_499,499,2017-09-04,and,M,USA,16,0
2018-01-19,23680911,sku_four_599,599,2017-09-04,and,M,USA,16,0
2018-01-23,23680911,sku_one_199,199,2017-09-04,and,M,USA,16,0
2018-02-14,23680911,sku_six_1299,299,2017-09-04,and,M,USA,16,0
2018-02-27,23680911,sku_four_599,599,2017-09-04,and,M,USA,16,0
2018-03-04,23680911,sku_two_299,299,2017-09-04,and,M,USA,16,0
2018-03-14,23680911,sku_five_899,899,2017-09-04,and,M,USA,16,0
2017-12-30,55585167,sku_one_199,199,2017-12-28,iOS,F,DEU,22,1
2017-12-31,55585167,sku_two_299,299,2017-12-28,iOS,F,DEU,22,1
2018-01-02,55585167,sku_eight_2099,99,2017-12-28,iOS,F,DEU,22,1
2018-01-03,55585167,sku_four_599,599,2017-12-28,iOS,F,DEU,22,1
2018-01-10,55585167,sku_six_1299,299,2017-12-28,iOS,F,DEU,22,0
2018-01-11,55585167,sku_two_299,299,2017-12-28,iOS,F,DEU,22,0
2018-01-18,55585167,sku_three_499,499,2017-12-28,iOS,F,DEU,22,0
2018-01-20,55585167,sku_four_599,599,2017-12-28,iOS,F,DEU,22,0
2018-01-30,55585167,sku_four_599,599,2017-12-28,iOS,F,DEU,22,0
2018-02-04,55585167,sku_two_299,299,2017-12-28,iOS,F,DEU,22,0
2018-02-10,55585167,sku_three_499,499,2017-12-28,iOS,F,DEU,22,0
2018-02-11,55585167,sku_four_599,599,2017-12-28,iOS,F,DEU,22,0
2018-02-12,55585167,sku_one_199,199,2017-12-28,iOS,F,DEU,22,0
2018-02-17,55585167,sku_six_1299,299,2017-12-28,iOS,F,DEU,22,0
2018-02-18,55585167,sku_one_199,199,2017-12-28,iOS,F,DEU,22,0
2018-02-24,55585167,sku_four_599,599,2017-12-28,iOS,F,DEU,22,0
2018-03-01,55585167,sku_three_499,499,2017-12-28,iOS,F,DEU,22,0
2018-03-05,55585167,sku_four_599,599,2017-12-28,iOS,F,DEU,22,0
2017-08-21,85852277,sku_three_499,499,2017-08-20,iOS,F,FRA,16,1
2017-08-23,85852277,sku_three_499,499,2017-08-20,iOS,F,FRA,16,1
2017-08-27,85852277,sku_one_199,199,2017-08-20,iOS,F,FRA,16,1
2017-09-08,85852277,sku_one_199,199,2017-08-20,iOS,F,FRA,16,0
2017-09-11,85852277,sku_four_599,599,2017-08-20,iOS,F,FRA,16,0
2017-09-12,85852277,sku_one_199,199,2017-08-20,iOS,F,FRA,16,0
2017-09-13,85852277,sku_six_1299,299,2017-08-20,iOS,F,FRA,16,0
2017-09-21,85852277,sku_one_199,199,2017-08-20,iOS,F,FRA,16,0
2017-09-24,85852277,sku_four_599,599,2017-08-20,iOS,F,FRA,16,0
2017-09-26,85852277,sku_one_199,199,2017-08-20,iOS,F,FRA,16,0
2017-09-28,85852277,sku_four_599,599,2017-08-20,iOS,F,FRA,16,0
2017-10-03,85852277,sku_six_1299,299,2017-08-20,iOS,F,FRA,16,0
2017-10-04,85852277,sku_seven_1499,499,2017-08-20,iOS,F,FRA,16,0
2017-10-08,85852277,sku_eight_2099,99,2017-08-20,iOS,F,FRA,16,0
2017-10-25,85852277,sku_two_299,299,2017-08-20,iOS,F,FRA,16,0
2017-10-27,85852277,sku_three_499,499,2017-08-20,iOS,F,FRA,16,0
2017-10-31,85852277,sku_one_199,199,2017-08-20,iOS,F,FRA,16,0
2017-11-01,85852277,sku_one_199,199,2017-08-20,iOS,F,FRA,16,0
2017-11-05,85852277,sku_one_199,199,2017-08-20,iOS,F,FRA,16,0
2017-11-12,85852277,sku_one_199,199,2017-08-20,iOS,F,FRA,16,0
2017-11-13,85852277,sku_one_199,199,2017-08-20,iOS,F,FRA,16,0
2017-11-15,85852277,sku_two_299,299,2017-08-20,iOS,F,FRA,16,0
2017-11-24,85852277,sku_three_499,499,2017-08-20,iOS,F,FRA,16,0
2017-12-07,85852277,sku_three_499,499,2017-08-20,iOS,F,FRA,16,0
2017-12-13,85852277,sku_two_299,299,2017-08-20,iOS,F,FRA,16,0
2017-12-20,85852277,sku_two_299,299,2017-08-20,iOS,F,FRA,16,0
2017-12-25,85852277,sku_two_299,299,2017-08-20,iOS,F,FRA,16,0
2017-12-29,85852277,sku_three_499,499,2017-08-20,iOS,F,FRA,16,0
2017-12-30,85852277,sku_three_499,499,2017-08-20,iOS,F,FRA,16,0
2018-01-13,85852277,sku_two_299,299,2017-08-20,iOS,F,FRA,16,0
2018-01-20,85852277,sku_three_499,499,2017-08-20,iOS,F,FRA,16,0
2018-01-27,85852277,sku_three_499,499,2017-08-20,iOS,F,FRA,16,0
2018-01-31,85852277,sku_four_599,599,2017-08-20,iOS,F,FRA,16,0
2018-02-18,85852277,sku_five_899,899,2017-08-20,iOS,F,FRA,16,0
2018-03-13,85852277,sku_four_599,599,2017-08-20,iOS,F,FRA,16,0
2017-08-19,39603848,sku_four_599,599,2017-08-14,and,F,USA,19,1
2017-09-11,39603848,sku_three_499,499,2017-08-14,and,F,USA,19,0
2017-09-13,39603848,sku_one_199,199,2017-08-14,and,F,USA,19,0
2017-09-16,39603848,sku_four_599,599,2017-08-14,and,F,USA,19,0
2017-09-23,39603848,sku_two_299,299,2017-08-14,and,F,USA,19,0
2017-09-25,39603848,sku_four_599,599,2017-08-14,and,F,USA,19,0
2017-10-06,39603848,sku_two_299,299,2017-08-14,and,F,USA,19,0
2017-10-12,39603848,sku_three_499,499,2017-08-14,and,F,USA,19,0
2017-10-15,39603848,sku_one_199,199,2017-08-14,and,F,USA,19,0
2017-10-16,39603848,sku_eight_2099,99,2017-08-14,and,F,USA,19,0
2017-10-23,39603848,sku_two_299,299,2017-08-14,and,F,USA,19,0
2017-10-31,39603848,sku_two_299,299,2017-08-14,and,F,USA,19,0
2017-11-12,39603848,sku_one_199,199,2017-08-14,and,F,USA,19,0
2017-11-28,39603848,sku_three_499,499,2017-08-14,and,F,USA,19,0
2017-12-08,39603848,sku_two_299,299,2017-08-14,and,F,USA,19,0
2017-12-13,39603848,sku_two_299,299,2017-08-14,and,F,USA,19,0
2017-12-14,39603848,sku_one_199,199,2017-08-14,and,F,USA,19,0
2017-12-22,39603848,sku_two_299,299,2017-08-14,and,F,USA,19,0
2018-01-02,39603848,sku_one_199,199,2017-08-14,and,F,USA,19,0
2018-01-05,39603848,sku_two_299,299,2017-08-14,and,F,USA,19,0
2018-01-21,39603848,sku_one_199,199,2017-08-14,and,F,USA,19,0
2018-01-26,39603848,sku_seven_1499,499,2017-08-14,and,F,USA,19,0
2018-01-27,39603848,sku_four_599,599,2017-08-14,and,F,USA,19,0
2018-01-29,39603848,sku_two_299,299,2017-08-14,and,F,USA,19,0
2018-01-30,39603848,sku_four_599,599,2017-08-14,and,F,USA,19,0
2018-02-01,39603848,sku_four_599,599,2017-08-14,and,F,USA,19,0
2018-02-06,39603848,sku_four_599,599,2017-08-14,and,F,USA,19,0
2018-02-13,39603848,sku_three_499,499,2017-08-14,and,F,USA,19,0
2018-02-16,39603848,sku_one_199,199,2017-08-14,and,F,USA,19,0
2018-02-18,39603848,sku_five_899,899,2017-08-14,and,F,USA,19,0
2018-02-20,39603848,sku_one_199,199,2017-08-14,and,F,USA,19,0
2018-03-18,39603848,sku_one_199,199,2017-08-14,and,F,USA,19,0
2017-11-26,86508929,sku_four_599,599,2017-11-23,and,F,FRA,21,1
2017-11-29,86508929,sku_one_199,199,2017-11-23,and,F,FRA,21,1
2017-12-04,86508929,sku_one_199,199,2017-11-23,and,F,FRA,21,0
2017-12-05,86508929,sku_three_499,499,2017-11-23,and,F,FRA,21,0
2017-12-27,86508929,sku_four_599,599,2017-11-23,and,F,FRA,21,0
2017-12-30,86508929,sku_one_199,199,2017-11-23,and,F,FRA,21,0
2018-01-08,86508929,sku_four_599,599,2017-11-23,and,F,FRA,21,0
2018-01-12,86508929,sku_six_1299,299,2017-11-23,and,F,FRA,21,0
2018-01-16,86508929,sku_eight_2099,99,2017-11-23,and,F,FRA,21,0
2018-01-22,86508929,sku_two_299,299,2017-11-23,and,F,FRA,21,0
2018-01-28,86508929,sku_five_899,899,2017-11-23,and,F,FRA,21,0
2018-01-29,86508929,sku_two_299,299,2017-11-23,and,F,FRA,21,0
2018-02-05,86508929,sku_four_599,599,2017-11-23,and,F,FRA,21,0
2018-02-09,86508929,sku_six_1299,299,2017-11-23,and,F,FRA,21,0
2018-02-10,86508929,sku_four_599,599,2017-11-23,and,F,FRA,21,0
2018-02-11,86508929,sku_three_499,499,2017-11-23,and,F,FRA,21,0
2018-02-19,86508929,sku_four_599,599,2017-11-23,and,F,FRA,21,0
2018-02-20,86508929,sku_one_199,199,2017-11-23,and,F,FRA,21,0
2018-03-02,86508929,sku_three_499,499,2017-11-23,and,F,FRA,21,0
2018-03-03,86508929,sku_one_199,199,2017-11-23,and,F,FRA,21,0
2018-03-18,86508929,sku_four_599,599,2017-11-23,and,F,FRA,21,0
2017-06-13,47861374,sku_four_599,599,2017-06-03,iOS,M,FRA,25,0
2017-06-15,47861374,sku_two_299,299,2017-06-03,iOS,M,FRA,25,0
2017-06-19,47861374,sku_one_199,199,2017-06-03,iOS,M,FRA,25,0
2017-06-27,47861374,sku_two_299,299,2017-06-03,iOS,M,FRA,25,0
2017-07-13,47861374,sku_eight_2099,99,2017-06-03,iOS,M,FRA,25,0
2017-07-14,47861374,sku_two_299,299,2017-06-03,iOS,M,FRA,25,0
2017-07-24,47861374,sku_eight_2099,99,2017-06-03,iOS,M,FRA,25,0
2017-08-01,47861374,sku_one_199,199,2017-06-03,iOS,M,FRA,25,0
2017-08-09,47861374,sku_three_499,499,2017-06-03,iOS,M,FRA,25,0
2017-08-18,47861374,sku_one_199,199,2017-06-03,iOS,M,FRA,25,0
2017-08-26,47861374,sku_three_499,499,2017-06-03,iOS,M,FRA,25,0
2017-08-27,47861374,sku_five_899,899,2017-06-03,iOS,M,FRA,25,0
2017-09-05,47861374,sku_one_199,199,2017-06-03,iOS,M,FRA,25,0
2017-11-04,47861374,sku_four_599,599,2017-06-03,iOS,M,FRA,25,0
2017-11-06,47861374,sku_four_599,599,2017-06-03,iOS,M,FRA,25,0
2017-11-09,47861374,sku_seven_1499,499,2017-06-03,iOS,M,FRA,25,0
2017-11-17,47861374,sku_one_199,199,2017-06-03,iOS,M,FRA,25,0
2017-11-27,47861374,sku_seven_1499,499,2017-06-03,iOS,M,FRA,25,0
2017-11-30,47861374,sku_four_599,599,2017-06-03,iOS,M,FRA,25,0
2017-12-05,47861374,sku_seven_1499,499,2017-06-03,iOS,M,FRA,25,0
2017-12-07,47861374,sku_two_299,299,2017-06-03,iOS,M,FRA,25,0
2017-12-09,47861374,sku_four_599,599,2017-06-03,iOS,M,FRA,25,0
2017-12-11,47861374,sku_four_599,599,2017-06-03,iOS,M,FRA,25,0
2017-12-15,47861374,sku_two_299,299,2017-06-03,iOS,M,FRA,25,0
2017-12-26,47861374,sku_four_599,599,2017-06-03,iOS,M,FRA,25,0
2017-12-30,47861374,sku_five_899,899,2017-06-03,iOS,M,FRA,25,0
2018-01-06,47861374,sku_three_499,499,2017-06-03,iOS,M,FRA,25,0
2018-01-15,47861374,sku_three_499,499,2017-06-03,iOS,M,FRA,25,0
2018-01-28,47861374,sku_one_199,199,2017-06-03,iOS,M,FRA,25,0
2018-02-04,47861374,sku_three_499,499,2017-06-03,iOS,M,FRA,25,0
2018-02-08,47861374,sku_eight_2099,99,2017-06-03,iOS,M,FRA,25,0
2018-02-09,47861374,sku_three_499,499,2017-06-03,iOS,M,FRA,25,0
2018-02-12,47861374,sku_one_199,199,2017-06-03,iOS,M,FRA,25,0
2018-02-13,47861374,sku_six_1299,299,2017-06-03,iOS,M,FRA,25,0
2018-02-14,47861374,sku_seven_1499,499,2017-06-03,iOS,M,FRA,25,0
2018-03-06,47861374,sku_four_599,599,2017-06-03,iOS,M,FRA,25,0
2018-03-07,47861374,sku_six_1299,299,2017-06-03,iOS,M,FRA,25,0
2017-11-28,61720996,sku_three_499,499,2017-11-22,and,F,USA,29,1
2017-12-22,61720996,sku_one_199,199,2017-11-22,and,F,USA,29,0
2017-12-28,61720996,sku_four_599,599,2017-11-22,and,F,USA,29,0
2018-01-02,61720996,sku_one_199,199,2017-11-22,and,F,USA,29,0
2018-01-22,61720996,sku_one_199,199,2017-11-22,and,F,USA,29,0
2018-01-27,61720996,sku_one_199,199,2017-11-22,and,F,USA,29,0
2018-02-15,61720996,sku_one_199,199,2017-11-22,and,F,USA,29,0
2018-02-18,61720996,sku_four_599,599,2017-11-22,and,F,USA,29,0
2018-03-01,61720996,sku_one_199,199,2017-11-22,and,F,USA,29,0
2018-03-03,61720996,sku_one_199,199,2017-11-22,and,F,USA,29,0
2018-03-04,61720996,sku_three_499,499,2017-11-22,and,F,USA,29,0
2018-03-09,61720996,sku_four_599,599,2017-11-22,and,F,USA,29,0
2018-03-12,61720996,sku_six_1299,299,2017-11-22,and,F,USA,29,0
2017-09-25,28754468,sku_one_199,199,2017-09-23,and,F,USA,73,1
2017-10-04,28754468,sku_three_499,499,2017-09-23,and,F,USA,73,0
2017-10-24,28754468,sku_three_499,499,2017-09-23,and,F,USA,73,0
2017-10-25,28754468,sku_two_299,299,2017-09-23,and,F,USA,73,0
2017-11-16,28754468,sku_two_299,299,2017-09-23,and,F,USA,73,0
2017-11-18,28754468,sku_two_299,299,2017-09-23,and,F,USA,73,0
2017-11-20,28754468,sku_one_199,199,2017-09-23,and,F,USA,73,0
2017-11-25,28754468,sku_two_299,299,2017-09-23,and,F,USA,73,0
2017-11-27,28754468,sku_eight_2099,99,2017-09-23,and,F,USA,73,0
2017-12-13,28754468,sku_four_599,599,2017-09-23,and,F,USA,73,0
2017-12-16,28754468,sku_five_899,899,2017-09-23,and,F,USA,73,0
2017-12-29,28754468,sku_four_599,599,2017-09-23,and,F,USA,73,0
2018-01-17,28754468,sku_four_599,599,2017-09-23,and,F,USA,73,0
2018-02-06,28754468,sku_five_899,899,2017-09-23,and,F,USA,73,0
2018-02-20,28754468,sku_five_899,899,2017-09-23,and,F,USA,73,0
2018-02-21,28754468,sku_three_499,499,2017-09-23,and,F,USA,73,0
2018-02-23,28754468,sku_seven_1499,499,2017-09-23,and,F,USA,73,0
2018-03-05,28754468,sku_two_299,299,2017-09-23,and,F,USA,73,0
2018-03-10,28754468,sku_one_199,199,2017-09-23,and,F,USA,73,0
2018-02-27,73144027,sku_eight_2099,99,2018-02-26,iOS,M,BRA,27,1
2018-03-03,73144027,sku_two_299,299,2018-02-26,iOS,M,BRA,27,1
2018-03-07,73144027,sku_one_199,199,2018-02-26,iOS,M,BRA,27,0
2018-03-17,73144027,sku_two_299,299,2018-02-26,iOS,M,BRA,27,0
2017-09-07,90882406,sku_five_899,899,2017-08-29,and,M,USA,36,0
2017-09-15,90882406,sku_six_1299,299,2017-08-29,and,M,USA,36,0
2017-09-16,90882406,sku_three_499,499,2017-08-29,and,M,USA,36,0
2017-09-30,90882406,sku_one_199,199,2017-08-29,and,M,USA,36,0
2017-10-01,90882406,sku_two_299,299,2017-08-29,and,M,USA,36,0
2017-10-10,90882406,sku_two_299,299,2017-08-29,and,M,USA,36,0
2017-10-20,90882406,sku_two_299,299,2017-08-29,and,M,USA,36,0
2017-11-04,90882406,sku_five_899,899,2017-08-29,and,M,USA,36,0
2017-11-05,90882406,sku_five_899,899,2017-08-29,and,M,USA,36,0
2017-11-25,90882406,sku_two_299,299,2017-08-29,and,M,USA,36,0
2017-11-27,90882406,sku_three_499,499,2017-08-29,and,M,USA,36,0
2017-12-05,90882406,sku_one_199,199,2017-08-29,and,M,USA,36,0
2017-12-10,90882406,sku_four_599,599,2017-08-29,and,M,USA,36,0
2017-12-18,90882406,sku_two_299,299,2017-08-29,and,M,USA,36,0
2017-12-19,90882406,sku_four_599,599,2017-08-29,and,M,USA,36,0
2017-12-24,90882406,sku_three_499,499,2017-08-29,and,M,USA,36,0
2017-12-29,90882406,sku_seven_1499,499,2017-08-29,and,M,USA,36,0
2017-12-31,90882406,sku_three_499,499,2017-08-29,and,M,USA,36,0
2018-01-20,90882406,sku_four_599,599,2017-08-29,and,M,USA,36,0
2018-01-27,90882406,sku_two_299,299,2017-08-29,and,M,USA,36,0
2018-02-06,90882406,sku_four_599,599,2017-08-29,and,M,USA,36,0
2018-02-09,90882406,sku_three_499,499,2017-08-29,and,M,USA,36,0
2018-02-22,90882406,sku_two_299,299,2017-08-29,and,M,USA,36,0
2018-03-09,90882406,sku_one_199,199,2017-08-29,and,M,USA,36,0
2017-12-31,20551919,sku_one_199,199,2017-12-30,and,M,DEU,16,1
2018-01-05,20551919,sku_three_499,499,2017-12-30,and,M,DEU,16,1
2018-01-21,20551919,sku_four_599,599,2017-12-30,and,M,DEU,16,0
2018-01-22,20551919,sku_three_499,499,2017-12-30,and,M,DEU,16,0
2018-02-15,20551919,sku_eight_2099,99,2017-12-30,and,M,DEU,16,0
2018-02-21,20551919,sku_five_899,899,2017-12-30,and,M,DEU,16,0
2018-03-01,20551919,sku_two_299,299,2017-12-30,and,M,DEU,16,0
2018-03-13,20551919,sku_three_499,499,2017-12-30,and,M,DEU,16,0
2017-07-04,50323490,sku_three_499,499,2017-07-04,iOS,F,FRA,16,1
2017-07-06,50323490,sku_two_299,299,2017-07-04,iOS,F,FRA,16,1
2017-07-10,50323490,sku_five_899,899,2017-07-04,iOS,F,FRA,16,1
2017-07-12,50323490,sku_one_199,199,2017-07-04,iOS,F,FRA,16,0
2017-07-17,50323490,sku_five_899,899,2017-07-04,iOS,F,FRA,16,0
2017-08-04,50323490,sku_four_599,599,2017-07-04,iOS,F,FRA,16,0
2017-08-27,50323490,sku_four_599,599,2017-07-04,iOS,F,FRA,16,0
2017-09-07,50323490,sku_eight_2099,99,2017-07-04,iOS,F,FRA,16,0
2017-09-21,50323490,sku_two_299,299,2017-07-04,iOS,F,FRA,16,0
2017-10-12,50323490,sku_one_199,199,2017-07-04,iOS,F,FRA,16,0
2017-12-18,50323490,sku_three_499,499,2017-07-04,iOS,F,FRA,16,0
2017-12-21,50323490,sku_three_499,499,2017-07-04,iOS,F,FRA,16,0
2017-12-25,50323490,sku_two_299,299,2017-07-04,iOS,F,FRA,16,0
2017-12-27,50323490,sku_two_299,299,2017-07-04,iOS,F,FRA,16,0
2017-12-28,50323490,sku_three_499,499,2017-07-04,iOS,F,FRA,16,0
2017-12-29,50323490,sku_five_899,899,2017-07-04,iOS,F,FRA,16,0
2018-01-04,50323490,sku_three_499,499,2017-07-04,iOS,F,FRA,16,0
2018-01-07,50323490,sku_four_599,599,2017-07-04,iOS,F,FRA,16,0
2018-01-31,50323490,sku_seven_1499,499,2017-07-04,iOS,F,FRA,16,0
2018-03-13,50323490,sku_one_199,199,2017-07-04,iOS,F,FRA,16,0
2018-03-15,50323490,sku_two_299,299,2017-07-04,iOS,F,FRA,16,0
2018-03-17,50323490,sku_one_199,199,2017-07-04,iOS,F,FRA,16,0
2018-03-18,50323490,sku_two_299,299,2017-07-04,iOS,F,FRA,16,0
2017-12-07,68552257,sku_one_199,199,2017-11-25,iOS,F,BRA,22,0
2017-12-17,68552257,sku_two_299,299,2017-11-25,iOS,F,BRA,22,0
2017-12-23,68552257,sku_four_599,599,2017-11-25,iOS,F,BRA,22,0
2017-12-31,68552257,sku_four_599,599,2017-11-25,iOS,F,BRA,22,0
2018-01-01,68552257,sku_three_499,499,2017-11-25,iOS,F,BRA,22,0
2018-01-07,68552257,sku_four_599,599,2017-11-25,iOS,F,BRA,22,0
2018-01-23,68552257,sku_seven_1499,499,2017-11-25,iOS,F,BRA,22,0
2018-01-31,68552257,sku_four_599,599,2017-11-25,iOS,F,BRA,22,0
2018-02-02,68552257,sku_five_899,899,2017-11-25,iOS,F,BRA,22,0
2018-02-06,68552257,sku_seven_1499,499,2017-11-25,iOS,F,BRA,22,0
2018-02-19,68552257,sku_two_299,299,2017-11-25,iOS,F,BRA,22,0
2018-02-28,68552257,sku_two_299,299,2017-11-25,iOS,F,BRA,22,0
2018-03-03,68552257,sku_one_199,199,2017-11-25,iOS,F,BRA,22,0
2018-03-15,68552257,sku_two_299,299,2017-11-25,iOS,F,BRA,22,0
2018-03-16,68552257,sku_four_599,599,2017-11-25,iOS,F,BRA,22,0
2018-01-01,38774887,sku_two_299,299,2017-12-31,and,F,TUR,15,1
2018-01-21,38774887,sku_three_499,499,2017-12-31,and,F,TUR,15,0
2018-01-31,38774887,sku_one_199,199,2017-12-31,and,F,TUR,15,0
2018-02-01,38774887,sku_three_499,499,2017-12-31,and,F,TUR,15,0
2018-02-19,38774887,sku_three_499,499,2017-12-31,and,F,TUR,15,0
2018-02-26,38774887,sku_three_499,499,2017-12-31,and,F,TUR,15,0
2018-03-01,38774887,sku_one_199,199,2017-12-31,and,F,TUR,15,0
2018-03-04,38774887,sku_three_499,499,2017-12-31,and,F,TUR,15,0
2017-09-14,13241231,sku_five_899,899,2017-09-07,iOS,M,USA,38,1
2017-10-08,13241231,sku_one_199,199,2017-09-07,iOS,M,USA,38,0
2017-10-16,13241231,sku_one_199,199,2017-09-07,iOS,M,USA,38,0
2017-11-02,13241231,sku_one_199,199,2017-09-07,iOS,M,USA,38,0
2017-11-14,13241231,sku_three_499,499,2017-09-07,iOS,M,USA,38,0
2017-11-18,13241231,sku_one_199,199,2017-09-07,iOS,M,USA,38,0
2017-11-19,13241231,sku_three_499,499,2017-09-07,iOS,M,USA,38,0
2017-11-23,13241231,sku_four_599,599,2017-09-07,iOS,M,USA,38,0
2017-12-05,13241231,sku_three_499,499,2017-09-07,iOS,M,USA,38,0
2017-12-08,13241231,sku_three_499,499,2017-09-07,iOS,M,USA,38,0
2017-12-19,13241231,sku_three_499,499,2017-09-07,iOS,M,USA,38,0
2017-12-23,13241231,sku_three_499,499,2017-09-07,iOS,M,USA,38,0
2017-12-24,13241231,sku_one_199,199,2017-09-07,iOS,M,USA,38,0
2017-12-31,13241231,sku_eight_2099,99,2017-09-07,iOS,M,USA,38,0
2018-01-02,13241231,sku_two_299,299,2017-09-07,iOS,M,USA,38,0
2018-01-05,13241231,sku_five_899,899,2017-09-07,iOS,M,USA,38,0
2018-02-02,13241231,sku_one_199,199,2017-09-07,iOS,M,USA,38,0
2018-02-11,13241231,sku_four_599,599,2017-09-07,iOS,M,USA,38,0
2018-02-14,13241231,sku_two_299,299,2017-09-07,iOS,M,USA,38,0
2018-02-20,13241231,sku_four_599,599,2017-09-07,iOS,M,USA,38,0
2018-02-25,13241231,sku_three_499,499,2017-09-07,iOS,M,USA,38,0
2018-03-06,13241231,sku_eight_2099,99,2017-09-07,iOS,M,USA,38,0
2017-07-02,83815526,sku_six_1299,299,2017-06-30,iOS,F,USA,15,1
2017-07-03,83815526,sku_three_499,499,2017-06-30,iOS,F,USA,15,1
2017-07-07,83815526,sku_four_599,599,2017-06-30,iOS,F,USA,15,1
2017-07-10,83815526,sku_four_599,599,2017-06-30,iOS,F,USA,15,0
2017-07-12,83815526,sku_two_299,299,2017-06-30,iOS,F,USA,15,0
2017-07-17,83815526,sku_one_199,199,2017-06-30,iOS,F,USA,15,0
2017-07-19,83815526,sku_two_299,299,2017-06-30,iOS,F,USA,15,0
2017-07-27,83815526,sku_three_499,499,2017-06-30,iOS,F,USA,15,0
2017-07-31,83815526,sku_two_299,299,2017-06-30,iOS,F,USA,15,0
2017-08-20,83815526,sku_one_199,199,2017-06-30,iOS,F,USA,15,0
2017-09-14,83815526,sku_three_499,499,2017-06-30,iOS,F,USA,15,0
2017-09-21,83815526,sku_four_599,599,2017-06-30,iOS,F,USA,15,0
2017-09-22,83815526,sku_three_499,499,2017-06-30,iOS,F,USA,15,0
2017-10-07,83815526,sku_one_199,199,2017-06-30,iOS,F,USA,15,0
2017-10-13,83815526,sku_two_299,299,2017-06-30,iOS,F,USA,15,0
2017-10-21,83815526,sku_three_499,499,2017-06-30,iOS,F,USA,15,0
2017-11-27,83815526,sku_one_199,199,2017-06-30,iOS,F,USA,15,0
2017-12-03,83815526,sku_one_199,199,2017-06-30,iOS,F,USA,15,0
2017-12-04,83815526,sku_one_199,199,2017-06-30,iOS,F,USA,15,0
2017-12-06,83815526,sku_one_199,199,2017-06-30,iOS,F,USA,15,0
2017-12-26,83815526,sku_four_599,599,2017-06-30,iOS,F,USA,15,0
2018-01-01,83815526,sku_three_499,499,2017-06-30,iOS,F,USA,15,0
2018-01-02,83815526,sku_two_299,299,2017-06-30,iOS,F,USA,15,0
2018-01-19,83815526,sku_two_299,299,2017-06-30,iOS,F,USA,15,0
2018-01-22,83815526,sku_three_499,499,2017-06-30,iOS,F,USA,15,0
2018-01-31,83815526,sku_one_199,199,2017-06-30,iOS,F,USA,15,0
2018-02-06,83815526,sku_four_599,599,2017-06-30,iOS,F,USA,15,0
2018-02-08,83815526,sku_two_299,299,2017-06-30,iOS,F,USA,15,0
2018-02-10,83815526,sku_three_499,499,2017-06-30,iOS,F,USA,15,0
2018-02-17,83815526,sku_six_1299,299,2017-06-30,iOS,F,USA,15,0
2018-02-19,83815526,sku_six_1299,299,2017-06-30,iOS,F,USA,15,0
2018-02-22,83815526,sku_two_299,299,2017-06-30,iOS,F,USA,15,0
2018-03-04,83815526,sku_one_199,199,2017-06-30,iOS,F,USA,15,0
2018-03-05,83815526,sku_two_299,299,2017-06-30,iOS,F,USA,15,0
2018-03-07,83815526,sku_two_299,299,2017-06-30,iOS,F,USA,15,0
2018-03-13,83815526,sku_three_499,499,2017-06-30,iOS,F,USA,15,0
2018-03-15,83815526,sku_one_199,199,2017-06-30,iOS,F,USA,15,0
2017-10-17,12050846,sku_four_599,599,2017-10-03,and,M,FRA,16,0
2017-10-23,12050846,sku_six_1299,299,2017-10-03,and,M,FRA,16,0
2017-11-28,12050846,sku_three_499,499,2017-10-03,and,M,FRA,16,0
2017-12-10,12050846,sku_three_499,499,2017-10-03,and,M,FRA,16,0
2017-12-12,12050846,sku_one_199,199,2017-10-03,and,M,FRA,16,0
2017-12-25,12050846,sku_one_199,199,2017-10-03,and,M,FRA,16,0
2018-01-10,12050846,sku_one_199,199,2017-10-03,and,M,FRA,16,0
2018-01-23,12050846,sku_two_299,299,2017-10-03,and,M,FRA,16,0
2018-02-03,12050846,sku_three_499,499,2017-10-03,and,M,FRA,16,0
2018-02-06,12050846,sku_two_299,299,2017-10-03,and,M,FRA,16,0
2018-02-25,12050846,sku_one_199,199,2017-10-03,and,M,FRA,16,0
2018-02-26,12050846,sku_eight_2099,99,2017-10-03,and,M,FRA,16,0
2018-03-08,12050846,sku_one_199,199,2017-10-03,and,M,FRA,16,0
2018-03-12,12050846,sku_one_199,199,2017-10-03,and,M,FRA,16,0
2017-08-02,84202031,sku_two_299,299,2017-08-02,and,F,USA,16,1
2017-08-03,84202031,sku_two_299,299,2017-08-02,and,F,USA,16,1
2017-08-13,84202031,sku_three_499,499,2017-08-02,and,F,USA,16,0
2017-08-14,84202031,sku_four_599,599,2017-08-02,and,F,USA,16,0
2017-08-15,84202031,sku_eight_2099,99,2017-08-02,and,F,USA,16,0
2017-08-17,84202031,sku_two_299,299,2017-08-02,and,F,USA,16,0
2017-08-18,84202031,sku_four_599,599,2017-08-02,and,F,USA,16,0
2017-08-25,84202031,sku_six_1299,299,2017-08-02,and,F,USA,16,0
2017-08-26,84202031,sku_two_299,299,2017-08-02,and,F,USA,16,0
2017-08-28,84202031,sku_three_499,499,2017-08-02,and,F,USA,16,0
2017-08-29,84202031,sku_four_599,599,2017-08-02,and,F,USA,16,0
2017-09-02,84202031,sku_eight_2099,99,2017-08-02,and,F,USA,16,0
2017-09-06,84202031,sku_one_199,199,2017-08-02,and,F,USA,16,0
2017-09-10,84202031,sku_four_599,599,2017-08-02,and,F,USA,16,0
2017-09-15,84202031,sku_three_499,499,2017-08-02,and,F,USA,16,0
2017-09-18,84202031,sku_one_199,199,2017-08-02,and,F,USA,16,0
2017-09-21,84202031,sku_three_499,499,2017-08-02,and,F,USA,16,0
2017-09-26,84202031,sku_two_299,299,2017-08-02,and,F,USA,16,0
2017-09-27,84202031,sku_four_599,599,2017-08-02,and,F,USA,16,0
2017-10-07,84202031,sku_four_599,599,2017-08-02,and,F,USA,16,0
2017-10-13,84202031,sku_four_599,599,2017-08-02,and,F,USA,16,0
2017-10-21,84202031,sku_four_599,599,2017-08-02,and,F,USA,16,0
2017-10-24,84202031,sku_two_299,299,2017-08-02,and,F,USA,16,0
2017-10-29,84202031,sku_four_599,599,2017-08-02,and,F,USA,16,0
2017-11-05,84202031,sku_eight_2099,99,2017-08-02,and,F,USA,16,0
2017-11-08,84202031,sku_one_199,199,2017-08-02,and,F,USA,16,0
2017-11-13,84202031,sku_two_299,299,2017-08-02,and,F,USA,16,0
2017-11-28,84202031,sku_three_499,499,2017-08-02,and,F,USA,16,0
2017-11-29,84202031,sku_one_199,199,2017-08-02,and,F,USA,16,0
2017-12-04,84202031,sku_three_499,499,2017-08-02,and,F,USA,16,0
2017-12-20,84202031,sku_two_299,299,2017-08-02,and,F,USA,16,0
2017-12-22,84202031,sku_three_499,499,2017-08-02,and,F,USA,16,0
2017-12-27,84202031,sku_eight_2099,99,2017-08-02,and,F,USA,16,0
2018-01-03,84202031,sku_three_499,499,2017-08-02,and,F,USA,16,0
2018-01-04,84202031,sku_two_299,299,2017-08-02,and,F,USA,16,0
2018-01-07,84202031,sku_one_199,199,2017-08-02,and,F,USA,16,0
2018-01-09,84202031,sku_two_299,299,2017-08-02,and,F,USA,16,0
2018-01-15,84202031,sku_four_599,599,2017-08-02,and,F,USA,16,0
2018-01-22,84202031,sku_two_299,299,2017-08-02,and,F,USA,16,0
2018-01-23,84202031,sku_one_199,199,2017-08-02,and,F,USA,16,0
2018-01-31,84202031,sku_four_599,599,2017-08-02,and,F,USA,16,0
2018-02-02,84202031,sku_two_299,299,2017-08-02,and,F,USA,16,0
2018-02-07,84202031,sku_four_599,599,2017-08-02,and,F,USA,16,0
2018-02-10,84202031,sku_two_299,299,2017-08-02,and,F,USA,16,0
2018-02-23,84202031,sku_eight_2099,99,2017-08-02,and,F,USA,16,0
2018-03-07,84202031,sku_six_1299,299,2017-08-02,and,F,USA,16,0
2018-03-10,84202031,sku_three_499,499,2017-08-02,and,F,USA,16,0
2018-03-11,84202031,sku_one_199,199,2017-08-02,and,F,USA,16,0
2018-01-31,34665323,sku_four_599,599,2018-01-26,and,F,USA,53,1
2018-02-10,34665323,sku_four_599,599,2018-01-26,and,F,USA,53,0
2018-02-25,34665323,sku_three_499,499,2018-01-26,and,F,USA,53,0
2018-03-02,34665323,sku_one_199,199,2018-01-26,and,F,USA,53,0
2018-03-08,34665323,sku_three_499,499,2018-01-26,and,F,USA,53,0
2018-03-09,34665323,sku_three_499,499,2018-01-26,and,F,USA,53,0
2017-07-16,31763720,sku_four_599,599,2017-07-16,iOS,M,BRA,16,1
2017-07-18,31763720,sku_two_299,299,2017-07-16,iOS,M,BRA,16,1
2017-07-20,31763720,sku_two_299,299,2017-07-16,iOS,M,BRA,16,1
2017-07-27,31763720,sku_two_299,299,2017-07-16,iOS,M,BRA,16,0
2017-07-29,31763720,sku_two_299,299,2017-07-16,iOS,M,BRA,16,0
2017-07-31,31763720,sku_one_199,199,2017-07-16,iOS,M,BRA,16,0
2017-08-02,31763720,sku_three_499,499,2017-07-16,iOS,M,BRA,16,0
2017-08-17,31763720,sku_one_199,199,2017-07-16,iOS,M,BRA,16,0
2017-08-19,31763720,sku_three_499,499,2017-07-16,iOS,M,BRA,16,0
2017-08-27,31763720,sku_three_499,499,2017-07-16,iOS,M,BRA,16,0
2017-08-31,31763720,sku_four_599,599,2017-07-16,iOS,M,BRA,16,0
2017-09-02,31763720,sku_two_299,299,2017-07-16,iOS,M,BRA,16,0
2017-09-03,31763720,sku_three_499,499,2017-07-16,iOS,M,BRA,16,0
2017-09-09,31763720,sku_two_299,299,2017-07-16,iOS,M,BRA,16,0
2017-10-05,31763720,sku_seven_1499,499,2017-07-16,iOS,M,BRA,16,0